feature,mean_importance
workclass,0.0
education,0.0
race,0.0
native-country,0.0
fnlwgt,4.976879149931612e-06
sex,0.0006224565485227652
occupation,0.004916970877421989
hours-per-week,0.006119322822446482
capital-loss,0.007618168434564243
age,0.009871247286129115
marital-status,0.02842129004431414
education-num,0.03669689602776409
relationship,0.04686140885552305
capital-gain,0.057498914531591686
