feature,mean_importance
workclass,0.0
education,0.0
race,0.0
native-country,0.0
fnlwgt,3.6850143231959008e-06
sex,0.0004122532504106435
occupation,0.0057011397441503854
capital-loss,0.0063419559921985
hours-per-week,0.006604749596955206
age,0.010769035831394592
marital-status,0.03016148515174403
education-num,0.04103684532142528
relationship,0.04599506083511538
capital-gain,0.06184756623272266
