feature,mean_importance
workclass,0.0
education,0.0
race,0.0
native-country,0.0
fnlwgt,1.289690222547879e-05
sex,0.0003662693309600229
occupation,0.0026621016848242473
hours-per-week,0.0054484402803642975
capital-loss,0.00693071193208773
age,0.00972991435091517
marital-status,0.02617786384161075
relationship,0.041225221036152816
education-num,0.04192634248670927
capital-gain,0.055931117350430125
