feature,mean_importance
workclass,0.0
education,0.0
race,0.0
native-country,0.0
fnlwgt,2.6727580971119825e-05
sex,0.0005317086791165049
occupation,0.00490652065478997
hours-per-week,0.005651252779754301
capital-loss,0.007031934749108204
age,0.009609550429119096
marital-status,0.01538064441566701
education-num,0.03681066139749434
capital-gain,0.05700798949371462
relationship,0.06750137045364067
