feature,mean_importance
workclass,0.0
education,0.0
race,0.0
native-country,0.0
fnlwgt,2.1662117795229195e-05
sex,0.000627419971355303
occupation,0.003911094966615869
hours-per-week,0.006393252834307106
capital-loss,0.006651180957745495
age,0.009819402216407392
marital-status,0.02556952070014945
education-num,0.040480075537544645
relationship,0.045643294953882016
capital-gain,0.05727724665451113
