feature,mean_importance
fnlwgt,-0.0006162361132459271
education,0.0002323955041918846
native-country,0.0014830084565223057
race,0.0021951478181261863
sex,0.003578349432797401
workclass,0.004399731141165519
hours-per-week,0.0061227678336695625
marital-status,0.018006904200621267
capital-loss,0.021107181004174812
occupation,0.02176909058847304
capital-gain,0.027352102575644743
education-num,0.03954631419153939
age,0.04616031848930265
relationship,0.08215038267694023
