feature,mean_importance
fnlwgt,9.428054675433283e-05
native-country,0.0004967100607938812
workclass,0.000927523305148481
race,0.00121631931977908
education,0.0015266943086565399
sex,0.0031588706143563907
hours-per-week,0.006239987991829466
marital-status,0.014113641016601152
capital-loss,0.01995694813440726
capital-gain,0.02784369854911358
occupation,0.0284085583416812
education-num,0.05050812218965829
age,0.05678806409916572
relationship,0.09803556289458591
