feature,shap_importance
relationship,1.0330720310794308
age,0.4983028066247491
education-num,0.43076283411558886
occupation,0.31246190049135036
marital-status,0.25583032383932053
fnlwgt,0.18690636023127818
hours-per-week,0.11586232398637539
capital-gain,0.10727293285076757
education,0.10516818818514753
sex,0.09440113226047435
capital-loss,0.09231140372332731
workclass,0.0713405507496483
race,0.044510895005712876
native-country,0.03171824635202429
