feature,mean_importance
education,-0.0023651249786298288
fnlwgt,-0.000855478384829722
native-country,0.0021114765835864137
race,0.0032798939686686903
sex,0.0038300456906328662
workclass,0.008089135163803973
hours-per-week,0.012132230250458908
marital-status,0.012903358727794755
occupation,0.025806114568488324
capital-loss,0.026517555313636153
capital-gain,0.03649733819898534
education-num,0.042378303306355745
age,0.07330533778465409
relationship,0.10924527197674375
