feature,mean_importance
education,-7.858253632896384e-05
native-country,0.0018218292311835804
fnlwgt,0.001869975485601083
sex,0.003903422192547179
workclass,0.0039895149555214445
race,0.0040141052985494755
hours-per-week,0.010361199398125687
marital-status,0.019035878609258993
occupation,0.024052672404346342
capital-loss,0.026682818065275136
education-num,0.045395938475224315
capital-gain,0.04626854454100824
age,0.08050045695197908
relationship,0.09332610182483665
