feature,shap_importance
relationship,0.8537081272421623
age,0.48911328131914844
education-num,0.4662887984169932
marital-status,0.39924375132734125
occupation,0.32626546237942
fnlwgt,0.20792819478320537
sex,0.13169013675379782
capital-loss,0.11422188346612688
hours-per-week,0.1127187673863408
education,0.10496682693253025
capital-gain,0.1005485305971085
workclass,0.072378634840197
race,0.055154216409196315
native-country,0.030377937001727553
