feature,mean_importance
native-country,0.0008772442891592069
sex,0.0011611403796349617
fnlwgt,0.0012519678081696517
race,0.001282614199249843
marital-status,0.00372957389586146
education,0.003982718985568012
workclass,0.004083053644077628
hours-per-week,0.006899675762418722
capital-loss,0.01803023301056894
occupation,0.02307999883828017
capital-gain,0.026796082359501372
education-num,0.0418510246560333
age,0.05343760507553582
relationship,0.10391103631164586
