feature,shap_importance
relationship,1.1045648553750627
age,0.8317248034422944
education-num,0.5613846802081308
occupation,0.4442044352518831
marital-status,0.44404505513638304
fnlwgt,0.3553537027944116
hours-per-week,0.20816286370319484
education,0.19901188118528737
capital-gain,0.17683113762360494
sex,0.17078773985062295
capital-loss,0.1647612988494615
race,0.11543042529824081
workclass,0.11169625306748872
native-country,0.04602532946846845
