feature,shap_importance
relationship,0.9077905082791977
age,0.49478846827583794
education-num,0.4440769757425413
occupation,0.3304834600320378
marital-status,0.3202324064258582
fnlwgt,0.20975584769297448
capital-gain,0.11691661283848015
sex,0.11350639211493226
hours-per-week,0.10820545267687162
education,0.09418146001300727
capital-loss,0.09232903527206655
workclass,0.07193388281062119
race,0.053045509180396355
native-country,0.02081638503806073
