feature,shap_importance
relationship,1.1233817518951066
age,0.7104856177606291
education-num,0.5894804856072019
occupation,0.45648648401634667
marital-status,0.4025527589115473
fnlwgt,0.3313545303621579
hours-per-week,0.20407546003865473
education,0.16094177139952262
sex,0.1546382226737766
capital-gain,0.15075848893938848
capital-loss,0.13863745889218243
workclass,0.10519225812459053
race,0.09154814230112751
native-country,0.03202632845332636
