feature,mean_importance
sepal width (cm),0.001892445291741135
sepal length (cm),0.06386140619517248
petal width (cm),0.26838259555156374
petal length (cm),0.6177111866731597
