feature,mean_importance
sepal width (cm),2.2204460492503132e-17
sepal length (cm),0.06808266105062255
petal width (cm),0.26273337155148024
petal length (cm),0.6834070506166017
