feature,mean_importance
sepal width (cm),0.0031351239098057425
sepal length (cm),0.08613919163061759
petal width (cm),0.3480353514989857
petal length (cm),0.6834340786081049
