feature,mean_importance
sepal width (cm),0.005952346207386927
sepal length (cm),0.05984075124847604
petal width (cm),0.31932162382313
petal length (cm),0.623707771599691
