feature,shap_importance
petal length (cm),0.6418196869992352
petal width (cm),0.3953568737219778
sepal length (cm),0.14047177835178198
sepal width (cm),0.010246090534979425
