feature,mean_importance
sepal width (cm),0.0008326832120138184
sepal length (cm),0.06726741667660527
petal width (cm),0.28661736429231777
petal length (cm),0.4950961484177386
