feature,shap_importance
petal length (cm),0.621866203528047
petal width (cm),0.44001127548165275
sepal length (cm),0.14494725652497611
sepal width (cm),0.003977072310405644
