feature,shap_importance
petal length (cm),0.6322366754674178
petal width (cm),0.40079030081244826
sepal length (cm),0.15025741911121526
sepal width (cm),0.012757085899219138
