feature,shap_importance
marital-status,1.083375920105566
age,0.6032367450348018
education-num,0.45174471420242496
capital-gain,0.44212421055328655
relationship,0.3319755809099847
hours-per-week,0.3252617411563518
occupation,0.2367215156277101
fnlwgt,0.1522364650927174
capital-loss,0.1393113431098375
education,0.11488305077511253
sex,0.09062074087373345
workclass,0.06084599518878923
race,0.04241858609636826
native-country,0.02095696968647691
