feature,shap_importance
marital-status,1.0714745023793768
age,0.607472379436098
capital-gain,0.482188555292268
education-num,0.45754632607251
relationship,0.34073884235636653
hours-per-week,0.31436768250893415
occupation,0.2217516837201994
fnlwgt,0.14289443259189946
capital-loss,0.13854110032466863
education,0.11195898316129006
sex,0.08612164733041236
workclass,0.060009602085809896
race,0.05496960021489989
native-country,0.023876871474955576
