feature,mean_importance
education,0.0005851134457696472
native-country,0.0008125654658925451
sex,0.0014049715786101035
race,0.0023171003367722263
workclass,0.0024843179270026107
fnlwgt,0.0030454674342252795
relationship,0.010837954853395181
occupation,0.01637178767159042
hours-per-week,0.021973893686497603
capital-loss,0.026811505134010937
education-num,0.03129366350784506
age,0.06859071146822118
marital-status,0.09073482860153882
capital-gain,0.14321748577676452
