feature,mean_importance
fnlwgt,0.00019054797362068055
native-country,0.0008460641473005848
race,0.0008662607323832505
sex,0.0010284772698709531
education,0.001615136644829407
workclass,0.002870574048880603
relationship,0.015538572009077444
occupation,0.01658405913754212
hours-per-week,0.023034689201829273
capital-loss,0.029068221563808096
education-num,0.03835422865026141
age,0.06635582168147866
marital-status,0.0956003781094676
capital-gain,0.14559138764422488
