feature,shap_importance
marital-status,1.166112321131342
age,0.8125299692839059
capital-gain,0.6301038806319553
education-num,0.4612532858247954
relationship,0.4026546540948852
hours-per-week,0.3476656130719532
occupation,0.2647141837350021
fnlwgt,0.17567537094502864
capital-loss,0.16941044797664015
sex,0.12660527847622882
education,0.12492212556413805
race,0.08450467673980312
workclass,0.06442466589080904
native-country,0.0397158515983271
