feature,mean_importance
education,-6.426781744390819e-05
native-country,0.0005711026673907327
sex,0.0011228785692001698
race,0.0017620910833148317
fnlwgt,0.0024577183110551905
workclass,0.0034811593911149184
relationship,0.013003362463210965
occupation,0.015262388566634621
hours-per-week,0.02768825147709437
capital-loss,0.032341899025154684
education-num,0.037705878681390435
marital-status,0.08494598332936878
age,0.09757229102027515
capital-gain,0.16804830410831847
