feature,shap_importance
marital-status,1.0425643237617515
age,0.6438436008456138
capital-gain,0.46962637312425676
education-num,0.4676929478290908
relationship,0.3293219620067321
hours-per-week,0.29703327919068906
occupation,0.23393720627164832
capital-loss,0.15113090830388354
fnlwgt,0.14066679521080871
education,0.13034405423944576
sex,0.09996840941479061
workclass,0.05665820792475051
race,0.04547342351959698
native-country,0.02299495878961441
