feature,mean_importance
native-country,-0.0007396965534625877
fnlwgt,-3.279769234517671e-05
education,0.0008682120675337802
race,0.0016794004341260994
sex,0.0017395178100939046
workclass,0.00226140232589801
relationship,0.012406336127478301
occupation,0.015919095561370954
hours-per-week,0.024983008364775926
education-num,0.03200927871669512
capital-loss,0.03548749994382735
age,0.09444080406664039
marital-status,0.10148185198031653
capital-gain,0.19650772963372903
