feature,shap_importance
marital-status,1.2521748310477352
age,0.9665073348909972
capital-gain,0.6357758351285943
education-num,0.5277488038861521
hours-per-week,0.43631124381641023
relationship,0.38882566533448054
occupation,0.3531973583949918
fnlwgt,0.23205255395540147
capital-loss,0.16138965738888408
education,0.13012186545372584
sex,0.1275420281786798
race,0.09137673049714186
workclass,0.08128345033126524
native-country,0.04534045074717419
