feature,mean_importance
fnlwgt,-0.003149339841256371
education,-0.0006293537163027274
native-country,0.0014016362059178999
race,0.0014881800395648904
sex,0.0017301493832372673
workclass,0.0040301081574553145
relationship,0.010275478119414682
occupation,0.01552735331620252
hours-per-week,0.0203415985573596
capital-loss,0.028363113547338937
education-num,0.03537793398405107
age,0.07090356221808539
marital-status,0.09172997455927029
capital-gain,0.13597740653796783
