feature,shap_importance
petal width (cm),3.8720461001911675
petal length (cm),3.455829323402577
sepal width (cm),2.2171867213429115
sepal length (cm),1.8705210673989028
