feature,shap_importance
petal width (cm),3.7000711292173767
petal length (cm),2.8935954133129056
sepal length (cm),2.234745391943649
sepal width (cm),1.5431110315605947
