feature,mean_importance
sepal length (cm),0.1428777382670619
sepal width (cm),0.17580987127168812
petal length (cm),0.43374923877828875
petal width (cm),0.8440178792791839
