,setosa,versicolor,virginica
intercept,-0.3404186513953074,1.6112531999708983,-1.270834548575592
sepal length (cm),-1.0399192646081907,0.5008766612498523,0.5390426033583432
sepal width (cm),0.8407758124379353,-0.3827389463251012,-0.4580368661128361
petal length (cm),-1.5519230908025257,0.007926780268553906,1.543996310533976
petal width (cm),-1.3722070416798442,-0.8354894804822858,2.2076965221621343
