feature,mean_importance
sepal length (cm),0.15929047281571423
sepal width (cm),0.21654048345512802
petal length (cm),0.5332076218136723
petal width (cm),0.6952193412994986
