feature,mean_importance
education,0.0014974114284244666
native-country,0.0015559858041126252
race,0.0018071950838505213
sex,0.0018270102608472726
fnlwgt,0.003208507422467166
workclass,0.006213309945057577
marital-status,0.012948291526644184
hours-per-week,0.021220251235981112
occupation,0.021327091542964083
capital-loss,0.02508915783011708
education-num,0.037889094962394954
age,0.04616813095015808
relationship,0.07639561410955593
capital-gain,0.11922926782459298
