feature,mean_importance
education,-0.0007212738249610217
native-country,0.00015847191569191567
fnlwgt,0.0017305734936476247
race,0.0024027472135229712
workclass,0.002419582654093344
sex,0.00389116398182201
hours-per-week,0.020052195178866295
occupation,0.020101559651886935
marital-status,0.024753636744019935
capital-loss,0.02887496616502434
education-num,0.032636968834837354
age,0.04569308033346139
relationship,0.06396477227576512
capital-gain,0.12674246775172024
