feature,mean_importance
native-country,0.0008541317221162248
race,0.001343303772615434
fnlwgt,0.002270977580061684
education,0.002604495811576413
sex,0.0031980457172641865
workclass,0.0037626323300859353
hours-per-week,0.020002463659020787
occupation,0.022876857664559002
marital-status,0.022975957510248703
capital-loss,0.025891961615188964
education-num,0.04157131511207655
age,0.04611017092479538
relationship,0.11004375323126078
capital-gain,0.12525178786302957
