feature,mean_importance
education,0.000704289567514671
race,0.0013118295538443459
native-country,0.0016743651469078523
workclass,0.002416866376742333
fnlwgt,0.0038126526954956773
sex,0.003926371279743268
marital-status,0.011449869772111066
occupation,0.020448505744865765
hours-per-week,0.020497895869576087
capital-loss,0.029550811861150737
education-num,0.04118869388165428
age,0.045502554024960694
relationship,0.07541131787981337
capital-gain,0.12233482010199792
