feature,mean_importance
race,0.001322395891665329
native-country,0.0013408211361494505
fnlwgt,0.0024775237885797164
education,0.002975513147843567
sex,0.0036285383939543394
workclass,0.005062760236314079
hours-per-week,0.02375367678761975
capital-loss,0.025337732450357687
occupation,0.02648721503123591
marital-status,0.029228505098337985
age,0.043776163168047014
education-num,0.04814264657765244
relationship,0.06362684299418722
capital-gain,0.12440180510951342
