feature,shap_importance
petal width (cm),0.6306205423298543
petal length (cm),0.5345222441440731
sepal length (cm),0.13037607987107022
sepal width (cm),0.025212631467801002
