feature,mean_importance
sepal width (cm),-0.026320133650147303
sepal length (cm),0.028846360544892778
petal width (cm),0.48717662302365905
petal length (cm),0.5590704644702857
