feature,mean_importance
sepal width (cm),0.0077236940958570035
sepal length (cm),0.016932161155536675
petal length (cm),0.49820525860950376
petal width (cm),0.5193230012656855
