feature,mean_importance
sepal length (cm),-0.0007886983861436686
sepal width (cm),0.009402551742473642
petal width (cm),0.40904406126224624
petal length (cm),0.6653792686812044
