feature,mean_importance
sepal width (cm),-0.012881289539190682
sepal length (cm),0.031222979702749815
petal width (cm),0.46897198059631917
petal length (cm),2.0684697621884425
