feature,shap_importance
petal width (cm),0.6443640562251685
petal length (cm),0.536775086823597
sepal length (cm),0.13572324486426568
sepal width (cm),0.026737411487879448
