feature,shap_importance
petal width (cm),0.6020116685666431
petal length (cm),0.5633617657518804
sepal length (cm),0.1403871350617082
sepal width (cm),0.024762449833832766
