feature,shap_importance
petal length (cm),0.6315608656813773
petal width (cm),0.5625063783661565
sepal length (cm),0.12852634495522935
sepal width (cm),0.03698175029605064
