feature,shap_importance
petal width (cm),0.6031707955388933
petal length (cm),0.5960349945768555
sepal length (cm),0.11435689893780698
sepal width (cm),0.028560492785929134
