feature,mean_importance
sepal width (cm),0.02404371651640357
sepal length (cm),0.061181618003871195
petal width (cm),1.5385631924273189
petal length (cm),1.6992303561397992
