feature,shap_importance
relationship,1.2241729064126765
age,0.8092321249887161
education-num,0.6412461584146523
hours-per-week,0.6262617914213335
occupation,0.46680861801822204
marital-status,0.34040014820632297
sex,0.2784894338307435
capital-gain,0.270998010844575
fnlwgt,0.21136056041953938
capital-loss,0.16117726281340788
race,0.15935885617531811
workclass,0.12497785191596997
education,0.1087904073549005
native-country,0.05587505849086684
