feature,shap_importance
relationship,1.1521309509978284
age,0.7103979306131688
education-num,0.6799186402292039
hours-per-week,0.5856880862576607
occupation,0.43596471904774176
marital-status,0.33013388609130007
sex,0.3171251310713042
capital-gain,0.25309357818596473
fnlwgt,0.21353934193215898
race,0.16852274808761136
capital-loss,0.162338510037323
workclass,0.11883547769813348
education,0.0841154700327302
native-country,0.06677932186482323
