feature,mean_importance
education,2.891327428923285e-05
native-country,0.000841891548125695
race,0.001592717678265465
fnlwgt,0.002385596345094121
workclass,0.005272389653875087
marital-status,0.011931579574912943
sex,0.012530272700084121
occupation,0.018412920961930146
capital-loss,0.031940134497902326
hours-per-week,0.03481887317925286
education-num,0.05873702111977287
age,0.06143187233440901
capital-gain,0.06441206300337823
relationship,0.13167674543790048
