feature,shap_importance
relationship,1.1769591124808627
age,0.8015177824947771
education-num,0.6726329770375242
hours-per-week,0.5725306635560646
occupation,0.46296609441522457
marital-status,0.36453302087982525
capital-gain,0.28425094102156107
sex,0.2815191466907769
fnlwgt,0.1808032703776322
race,0.1682207166022568
capital-loss,0.13958563562205833
education,0.12370042725422978
workclass,0.11269909141361399
native-country,0.07498639635976702
