feature,shap_importance
relationship,1.1339028475596755
age,0.7456471958320471
education-num,0.6400951267995046
hours-per-week,0.6386145483602527
occupation,0.43830307225520765
marital-status,0.35892806272819594
sex,0.2729592061623445
capital-gain,0.24576258478739849
fnlwgt,0.18766698468819
capital-loss,0.1486498675209128
race,0.1437503477710388
workclass,0.12117516655984795
education,0.0879364803642951
native-country,0.0742629197685212
