feature,mean_importance
education,-0.0004578401129498477
workclass,0.001280771608920639
native-country,0.0016042003103292734
fnlwgt,0.0018542881362430986
race,0.003128436520031663
sex,0.01156443065069419
marital-status,0.012914850480520157
occupation,0.019546102658150887
capital-loss,0.03028735581300601
hours-per-week,0.03281653909228568
education-num,0.05574762552536453
age,0.055805350058495504
capital-gain,0.05906582855378004
relationship,0.1156854581891793
