feature,mean_importance
native-country,0.00024660678552481665
education,0.0012046345264609237
race,0.001639665745954888
fnlwgt,0.0021341828470144543
workclass,0.004396211192554333
sex,0.008288495669111962
marital-status,0.01077116765304711
occupation,0.02249672782216844
hours-per-week,0.03266689411200531
capital-loss,0.03710995200428722
capital-gain,0.06754077662800237
age,0.06914456934809958
education-num,0.07152362544277636
relationship,0.13133244247805528
