feature,mean_importance
fnlwgt,-0.0030341371231875414
education,0.00040328261964532873
native-country,0.0007857944600326184
race,0.0027885759455532956
workclass,0.005292874454139229
marital-status,0.0082658894320233
sex,0.010867677800507259
occupation,0.01821626130764905
capital-loss,0.03259800846727211
hours-per-week,0.033804150154113324
age,0.05140881401981923
capital-gain,0.06366670929527443
education-num,0.06498779978442018
relationship,0.11948704888612119
