feature,shap_importance
relationship,1.1096851039352582
age,0.7923042523891223
hours-per-week,0.6885823219843218
education-num,0.6724854479786239
occupation,0.4412703333399521
sex,0.3814128310546375
marital-status,0.36917047969409456
capital-gain,0.25899345216891295
fnlwgt,0.20953039424908243
race,0.18810132687302028
capital-loss,0.16696795090246216
workclass,0.110887889410015
education,0.0960859600108887
native-country,0.06198615854094902
