feature,mean_importance
native-country,0.0008294231860161982
fnlwgt,0.0022600545864820297
education,0.0027315183096383367
race,0.004047984471186728
workclass,0.005907529010486167
marital-status,0.00916001143251639
sex,0.009535538726127401
occupation,0.02076399423712344
capital-loss,0.030187272458402782
hours-per-week,0.03245843092529438
capital-gain,0.057016041100758766
age,0.06598240067439429
education-num,0.07258903990867813
relationship,0.12203423053638232
