{
    "uid": "3c00b0c6-4ed1-4db6-8680-9f0e8545c126",
    "name": "model_4",
    "preprocessing": [
        {
            "scale": [
                {
                    "scale": [
                        0.8352708956594876,
                        0.45465885853088084,
                        1.7926624182911186,
                        0.7678176188051428
                    ],
                    "mean": [
                        5.86388888888889,
                        3.0703703703703704,
                        3.731481481481481,
                        1.1907407407407404
                    ],
                    "var": [
                        0.6976774691358026,
                        0.20671467764060353,
                        3.213638545953361,
                        0.5895438957475995
                    ],
                    "n_samples_seen": 108,
                    "columns": [
                        "sepal length (cm)",
                        "sepal width (cm)",
                        "petal length (cm)",
                        "petal width (cm)"
                    ],
                    "scale_method": "scale_normal"
                }
            ],
            "categorical_y": {
                "setosa": 0,
                "versicolor": 1,
                "virginica": 2
            },
            "ml_task": "multiclass_classification"
        },
        {
            "scale": [
                {
                    "scale": [
                        0.8020036636719373,
                        0.4338662044938744,
                        1.7425847207284713,
                        0.7627359424924341
                    ],
                    "mean": [
                        5.811111111111111,
                        3.049074074074074,
                        3.731481481481481,
                        1.1907407407407407
                    ],
                    "var": [
                        0.6432098765432099,
                        0.18823988340192047,
                        3.036601508916324,
                        0.5817661179698218
                    ],
                    "n_samples_seen": 108,
                    "columns": [
                        "sepal length (cm)",
                        "sepal width (cm)",
                        "petal length (cm)",
                        "petal width (cm)"
                    ],
                    "scale_method": "scale_normal"
                }
            ],
            "categorical_y": {
                "setosa": 0,
                "versicolor": 1,
                "virginica": 2
            },
            "ml_task": "multiclass_classification"
        },
        {
            "scale": [
                {
                    "scale": [
                        0.8264261066419485,
                        0.4340084563600621,
                        1.758971467688621,
                        0.7630410558739585
                    ],
                    "mean": [
                        5.812962962962963,
                        3.065740740740741,
                        3.6990740740740735,
                        1.1787037037037038
                    ],
                    "var": [
                        0.6829801097393692,
                        0.1883633401920439,
                        3.0939806241426617,
                        0.5822316529492455
                    ],
                    "n_samples_seen": 108,
                    "columns": [
                        "sepal length (cm)",
                        "sepal width (cm)",
                        "petal length (cm)",
                        "petal width (cm)"
                    ],
                    "scale_method": "scale_normal"
                }
            ],
            "categorical_y": {
                "setosa": 0,
                "versicolor": 1,
                "virginica": 2
            },
            "ml_task": "multiclass_classification"
        },
        {
            "scale": [
                {
                    "scale": [
                        0.8565930858217574,
                        0.41725781111057053,
                        1.7739155577523031,
                        0.7572347670672671
                    ],
                    "mean": [
                        5.87037037037037,
                        3.06574074074074,
                        3.762962962962962,
                        1.1953703703703704
                    ],
                    "var": [
                        0.7337517146776407,
                        0.17410408093278457,
                        3.1467764060356647,
                        0.5734044924554182
                    ],
                    "n_samples_seen": 108,
                    "columns": [
                        "sepal length (cm)",
                        "sepal width (cm)",
                        "petal length (cm)",
                        "petal width (cm)"
                    ],
                    "scale_method": "scale_normal"
                }
            ],
            "categorical_y": {
                "setosa": 0,
                "versicolor": 1,
                "virginica": 2
            },
            "ml_task": "multiclass_classification"
        },
        {
            "scale": [
                {
                    "scale": [
                        0.8293748575408997,
                        0.4312976480108583,
                        1.7497998611795045,
                        0.7535967710111713
                    ],
                    "mean": [
                        5.7972222222222225,
                        3.0490740740740736,
                        3.712037037037037,
                        1.1925925925925924
                    ],
                    "var": [
                        0.6878626543209877,
                        0.1860176611796982,
                        3.0617995541838128,
                        0.5679080932784637
                    ],
                    "n_samples_seen": 108,
                    "columns": [
                        "sepal length (cm)",
                        "sepal width (cm)",
                        "petal length (cm)",
                        "petal width (cm)"
                    ],
                    "scale_method": "scale_normal"
                }
            ],
            "categorical_y": {
                "setosa": 0,
                "versicolor": 1,
                "virginica": 2
            },
            "ml_task": "multiclass_classification"
        }
    ],
    "learners": [
        {
            "library_version": "0.22.2",
            "algorithm_name": "Logistic Regression",
            "algorithm_short_name": "Linear",
            "uid": "0386c646-a14c-4b0c-a483-d10291be1de6",
            "params": {
                "model_type": "Linear",
                "ml_task": "multiclass_classification",
                "seed": 2,
                "num_class": 3
            }
        },
        {
            "library_version": "0.22.2",
            "algorithm_name": "Logistic Regression",
            "algorithm_short_name": "Linear",
            "uid": "8b625cae-3bbf-4927-acde-dfd8359b565a",
            "params": {
                "model_type": "Linear",
                "ml_task": "multiclass_classification",
                "seed": 2,
                "num_class": 3
            }
        },
        {
            "library_version": "0.22.2",
            "algorithm_name": "Logistic Regression",
            "algorithm_short_name": "Linear",
            "uid": "a6e52dea-0569-4bf7-b187-5718db9bcd23",
            "params": {
                "model_type": "Linear",
                "ml_task": "multiclass_classification",
                "seed": 2,
                "num_class": 3
            }
        },
        {
            "library_version": "0.22.2",
            "algorithm_name": "Logistic Regression",
            "algorithm_short_name": "Linear",