feature,shap_importance
petal width (cm),3.776074863511451
petal length (cm),3.2716484584002226
sepal length (cm),1.6002239775190341
sepal width (cm),1.3785571497943485
