,setosa,versicolor,virginica
intercept,-0.07623367516267994,1.8007214469384256,-1.7244877717757465
sepal length (cm),-0.9647192920915595,0.5273518135577612,0.43736747853379737
sepal width (cm),1.2738810310789754,-0.36382728303433803,-0.9100537480446387
petal length (cm),-1.650752713012945,-0.3212615081194216,1.9720142211323672
petal width (cm),-1.5877897772664042,-0.7840576742133012,2.371847451479705
