feature,mean_importance
sepal length (cm),0.06157473290439015
sepal width (cm),0.08143726395582727
petal length (cm),0.6574459453349004
petal width (cm),0.910691979102592
