feature,mean_importance
sepal length (cm),0.038155701367813245
sepal width (cm),0.2148909846744282
petal length (cm),0.5080543106277278
petal width (cm),0.842297191765207
