,setosa,versicolor,virginica
intercept,-0.1243989666440492,1.8910064601546022,-1.7666074935105645
sepal length (cm),-0.9791129324050566,0.3924448953716777,0.5866680370333799
sepal width (cm),1.1135395128470393,-0.20995627982572632,-0.9035832330213118
petal length (cm),-1.7957184289280843,-0.31321745699695674,2.108935885925042
petal width (cm),-1.7117948721687812,-0.5929134353523455,2.3047083075211274
