feature,shap_importance
petal width (cm),4.201901937988079
petal length (cm),3.637942675534556
sepal width (cm),1.854299740465358
sepal length (cm),1.6590943366184907
