feature,shap_importance
petal width (cm),4.173353632998286
petal length (cm),3.93853588191801
sepal width (cm),1.8460653975123065
sepal length (cm),1.6364856422663734
