feature,shap_importance
petal width (cm),4.161984829511601
petal length (cm),3.7617905702610024
sepal length (cm),1.8396688904352723
sepal width (cm),1.5404710953213392
