feature,shap_importance
petal width (cm),4.043866527002442
petal length (cm),3.5176546134755498
sepal width (cm),1.798475416406918
sepal length (cm),1.6215554344332652
