feature,mean_importance
sepal length (cm),0.06704276537257677
sepal width (cm),0.0976809529611089
petal length (cm),0.6302014654209043
petal width (cm),0.8433238438406866
