,setosa,versicolor,virginica
intercept,-0.19802377982034067,1.7711293406601223,-1.5731055608397804
sepal length (cm),-1.0719781954451792,0.5034554296311788,0.5685227658140006
sepal width (cm),0.9437797816997905,-0.34431449040315554,-0.5994652912966337
petal length (cm),-1.7529583370242035,-0.28620977175922313,2.0391681087834277
petal width (cm),-1.6278747639361397,-0.6543027781987243,2.2821775421348645
