feature,mean_importance
sepal width (cm),0.09916131010020494
sepal length (cm),0.11366503122594249
petal length (cm),0.7637917318031988
petal width (cm),1.0282286201877773
