feature,mean_importance
sepal length (cm),0.13916862111739114
sepal width (cm),0.17301720765509324
petal length (cm),0.5313405421078568
petal width (cm),0.6911352773003836
