feature,shap_importance
age,0.6503292322158813
relationship,0.621612548828125
marital-status,0.5865719318389893
education-num,0.5290864706039429
capital-gain,0.4017428457736969
hours-per-week,0.3747728765010834
occupation,0.28302639722824097
sex,0.18132290244102478
fnlwgt,0.16262954473495483
capital-loss,0.1253788322210312
education,0.09775171428918839
race,0.06720607727766037
workclass,0.058142051100730896
native-country,0.0216093547642231
