feature,mean_importance
fnlwgt,-0.0004222990011100491
native-country,0.0007063906706155532
race,0.0007189583512787867
workclass,0.0012814636053982142
education,0.006703391720280738
sex,0.006841424531364793
marital-status,0.010268857675358057
occupation,0.013599294274706885
capital-loss,0.018308752719514022
hours-per-week,0.02064129422815446
education-num,0.030825157042714768
age,0.04976399800401663
relationship,0.0632328405242488
capital-gain,0.09876990598426953
