feature,shap_importance
relationship,0.7034476399421692
age,0.6417924761772156
marital-status,0.5367884635925293
education-num,0.46805378794670105
capital-gain,0.465778112411499
hours-per-week,0.3930038809776306
occupation,0.3685869872570038
sex,0.20092692971229553
fnlwgt,0.15473400056362152
capital-loss,0.13875673711299896
workclass,0.07749965786933899
education,0.054991863667964935
native-country,0.05244573950767517
race,0.04420255497097969
