feature,mean_importance
native-country,0.000349437712704892
race,0.0014889944051743153
workclass,0.0022505929674664802
fnlwgt,0.002714062836132336
education,0.004066757210429784
sex,0.0062077528367420086
occupation,0.017323346017863662
capital-loss,0.019435724428538248
hours-per-week,0.024636934906052222
marital-status,0.02809305439082992
relationship,0.04836019719922756
education-num,0.0522051287009536
age,0.05266553456988341
capital-gain,0.11186876787706923
