feature,shap_importance
relationship,0.6534038186073303
age,0.6125165820121765
education-num,0.5116032958030701
marital-status,0.48837515711784363
capital-gain,0.3701774775981903
hours-per-week,0.33963531255722046
occupation,0.28571176528930664
sex,0.19869868457317352
fnlwgt,0.17362235486507416
capital-loss,0.14581085741519928
education,0.07900165021419525
workclass,0.06540609896183014
race,0.06133390963077545
native-country,0.034951504319906235
