feature,shap_importance
relationship,0.891603946685791
age,0.6955842971801758
education-num,0.4892061650753021
capital-gain,0.38636061549186707
occupation,0.33019909262657166
marital-status,0.2950441539287567
hours-per-week,0.2752379775047302
sex,0.1524631381034851
education,0.13297659158706665
fnlwgt,0.11445529758930206
capital-loss,0.10483735799789429
workclass,0.0956442728638649
race,0.07855339348316193
native-country,0.04079804569482803
