feature,mean_importance
race,0.0005328088354990323
native-country,0.0014759661457921735
fnlwgt,0.0018756498038856816
workclass,0.0034674407579907917
sex,0.004401535248039878
marital-status,0.00628983346468368
education,0.006457747169806039
capital-loss,0.012877233544392542
occupation,0.016396705458454775
hours-per-week,0.016726292266004795
education-num,0.038147028279687425
age,0.0595105531267074
relationship,0.07757880914972466
capital-gain,0.10989518659809691
