feature,shap_importance
relationship,0.8172875642776489
age,0.6194568276405334
education-num,0.4373793601989746
hours-per-week,0.3907751441001892
marital-status,0.3586672246456146
capital-gain,0.33191734552383423
occupation,0.30340614914894104
sex,0.19629742205142975
education,0.1592697948217392
capital-loss,0.1198006197810173
fnlwgt,0.11324062943458557
race,0.06795600056648254
workclass,0.03369969129562378
native-country,0.02758754976093769
