feature,mean_importance
native-country,0.00019758072798180536
race,0.0005375400975718647
education,0.0019884940240991965
fnlwgt,0.0022719761606080358
workclass,0.0025032309941855012
sex,0.006639363020318345
occupation,0.013382467209253745
hours-per-week,0.01810934357236601
capital-loss,0.020878267128536986
marital-status,0.02176204328358239
education-num,0.04227012950167617
relationship,0.05245585609403865
age,0.05309491756119842
capital-gain,0.11195623226656375
