feature,mean_importance
education,0.00022554117156236008
race,0.0005009962180844041
fnlwgt,0.0010813877978726682
workclass,0.0018579650834852468
native-country,0.0018904948768202923
sex,0.006733854157604258
capital-loss,0.018135014832981855
hours-per-week,0.0201877801308445
occupation,0.0208082807153115
marital-status,0.02269520338694907
education-num,0.03789376591206458
age,0.04599199434103389
relationship,0.04960851357517106
capital-gain,0.11362783325643186
