feature,weight
intercept,-1.5117198004047034
age,0.4685914494636395
workclass,-0.10238569762331208
fnlwgt,0.054598807274020715
education,0.05461205961301309
education-num,0.8438459078523197
marital-status,-0.35873695119069615
occupation,-0.009582715511648179
relationship,-0.1540805041235474
race,0.10416285798030567
sex,0.46829852231273267
capital-gain,2.2821915411459526
capital-loss,0.27956245576615374
hours-per-week,0.3690908282898865
native-country,0.017390920058627374
