feature,mean_importance
native-country,9.088732681161727e-06
occupation,3.853906405762997e-05
education,0.00022125399283862146
fnlwgt,0.0004553600157125914
race,0.0014325931790973635
workclass,0.0017627314826694552
relationship,0.0035487394335038556
capital-loss,0.008807173997560359
marital-status,0.015070004921375257
hours-per-week,0.017416523559765064
sex,0.021807783436230087
age,0.02432298330045455
education-num,0.08494357263948095
capital-gain,0.13987287262792863
