feature,shap_importance
capital-gain,0.6630255307111815
education-num,0.6259118902010908
sex,0.43973520401889027
age,0.39292375333105395
marital-status,0.30322864362921853
hours-per-week,0.20761695029645655
relationship,0.1329099389731941
capital-loss,0.10896527021537894
race,0.07464569390843534
workclass,0.0615312732196344
education,0.039573740266471515
fnlwgt,0.03920231819998727
occupation,0.00859808776394675
native-country,0.008254866631472934
