feature,mean_importance
native-country,-0.0005761077881290654
fnlwgt,0.00019394731118260733
race,0.0006577853295953951
sex,0.003162935119930377
workclass,0.0032833199524487265
education,0.0044705384107031395
occupation,0.01674349694393692
education-num,0.017526883018143515
relationship,0.02398672718398982
hours-per-week,0.02587729508975096
capital-loss,0.038279088631481696
marital-status,0.07691744701486701
age,0.08930890514133788
capital-gain,0.20433746948807174
