feature,shap_importance
marital-status,1.1696650287314607
age,0.999424030925832
capital-gain,0.7785132119939095
relationship,0.47889496682430455
education-num,0.4670369941088284
hours-per-week,0.44357267744084194
occupation,0.2891855726234022
fnlwgt,0.18277010290023668
sex,0.17587988307037694
capital-loss,0.16716366132637858
education,0.1569799582105278
race,0.10447466411584513
workclass,0.08372490392854999
native-country,0.05750409245703498
