feature,shap_importance
marital-status,1.255826364041967
age,1.0379066546624363
capital-gain,0.6747955874453546
relationship,0.5264941697186879
hours-per-week,0.45410765599463554
education-num,0.4369682731279095
occupation,0.28910510121925936
education,0.1936608047064829
fnlwgt,0.18668104908889144
capital-loss,0.18010153007187013
sex,0.1532726029584839
race,0.09160371244618085
workclass,0.07715509200916129
native-country,0.02552354175669271
