feature,mean_importance
fnlwgt,-0.0006211873613175878
race,0.0009143921466304716
native-country,0.0012602926014914305
sex,0.0017714530812743656
workclass,0.003827788324131276
education,0.008594943941954526
occupation,0.01795796147152042
education-num,0.020768666193656825
relationship,0.022480595903473323
hours-per-week,0.03199169862673655
capital-loss,0.03978406087449417
marital-status,0.0866202058599398
age,0.11564123163369944
capital-gain,0.18829933473786378
