feature,shap_importance
marital-status,1.091602169245382
age,1.0826962279216972
capital-gain,0.6933159919009244
relationship,0.5246039212395351
education-num,0.447348439013245
hours-per-week,0.44692191349732324
occupation,0.32225249670587175
education,0.198247834715924
capital-loss,0.196054582983983
fnlwgt,0.1613556414700308
sex,0.1398688640172737
race,0.09494418512747375
workclass,0.07543148133116481
native-country,0.038822124425883425
