feature,shap_importance
marital-status,1.2449571611158543
age,1.0320267258573537
capital-gain,0.8196151755913152
hours-per-week,0.493446956348782
relationship,0.477915824712727
education-num,0.4578165126583048
occupation,0.2888771197288747
capital-loss,0.19891119039569063
fnlwgt,0.19879593006023596
sex,0.17806022891067108
education,0.1470847438890822
race,0.08758398163799228
workclass,0.08097127369628611
native-country,0.02951254063013949
