feature,mean_importance
sex,0.0005278838056007818
native-country,0.0013128630265738072
fnlwgt,0.00169527376314611
workclass,0.0030890851558301956
race,0.0031787873142021584
education,0.004601284247789194
occupation,0.017211883849506626
relationship,0.020561789186273927
education-num,0.023581390777387867
hours-per-week,0.03375558504245811
capital-loss,0.03843895312841654
marital-status,0.09141942453124938
age,0.10030934519669903
capital-gain,0.21819759349384865
