feature,mean_importance
native-country,4.5233545751388605e-05
fnlwgt,0.0010363399180949528
sex,0.0018822313510720278
race,0.002315196859598523
workclass,0.004817718582397035
education,0.008269488509248014
occupation,0.01558476251092743
education-num,0.02151781028717813
relationship,0.021575721416719616
hours-per-week,0.028949658104359333
capital-loss,0.03579501911602243
marital-status,0.0653618583349189
age,0.12265196191015659
capital-gain,0.19387350589188512
