feature,mean_importance
fnlwgt,0.0010954565666960515
race,0.0012469725235609741
native-country,0.0013922516965168441
sex,0.0016916716589776004
workclass,0.004674129334637722
education,0.0071907525846986895
occupation,0.022718241535210126
relationship,0.02366238952207118
hours-per-week,0.03160835023691744
education-num,0.03173633825394273
capital-loss,0.03961278321082786
marital-status,0.07874796249889884
age,0.09532765379248162
capital-gain,0.20438611134026266
