feature,shap_importance
marital-status,1.3095297085880975
age,1.0440799194138284
capital-gain,0.7414655066060727
relationship,0.5008335920935924
hours-per-week,0.4803030937425094
education-num,0.47024335000435113
occupation,0.28933821204581295
capital-loss,0.20590925872428215
fnlwgt,0.18383515122985522
education,0.1753790595086003
sex,0.160241850868496
workclass,0.08224667188594902
race,0.07850645412233621
native-country,0.036790826862784634
