feature,shap_importance
petal length (cm),0.41141557157867903
petal width (cm),0.4093797142574225
sepal length (cm),0.17657270338450606
sepal width (cm),0.016623831100756804
