feature,mean_importance
sepal width (cm),-5.551115123125783e-18
sepal length (cm),0.09541876481053804
petal width (cm),0.3104430727470303
petal length (cm),0.33083459071474575
