feature,mean_importance
sepal width (cm),-0.004210303842352392
sepal length (cm),0.12279189243841952
petal width (cm),0.3876912464517296
petal length (cm),0.41880448031531775
