feature,mean_importance
sepal width (cm),2.2204460492503132e-17
sepal length (cm),0.09793909710172424
petal width (cm),0.3245137375693813
petal length (cm),0.3487411143553126
