feature,shap_importance
petal length (cm),0.41415778488861665
petal width (cm),0.40972339173220707
sepal length (cm),0.18952944910284766
sepal width (cm),0.009186946540012926
