feature,mean_importance
sepal width (cm),0.004827764915070282
sepal length (cm),0.09592062757995794
petal length (cm),0.345253167813477
petal width (cm),0.35497129292074836
