feature,shap_importance
age,0.7395888566970825
marital-status,0.6952157616615295
relationship,0.6037158370018005
capital-gain,0.5443857312202454
education-num,0.5010491609573364
hours-per-week,0.3468126654624939
occupation,0.3039107620716095
sex,0.17066670954227448
fnlwgt,0.14831554889678955
capital-loss,0.13251620531082153
workclass,0.0881643071770668
race,0.047297775745391846
native-country,0.040645573288202286
education,0.03565138578414917
