feature,mean_importance
education,-0.0003837655626225289
native-country,0.0005218721504463897
fnlwgt,0.0013058552885540809
race,0.0014797605216809284
workclass,0.003661323794767457
sex,0.004112232277135097
occupation,0.019137165852415705
hours-per-week,0.020949878400345567
capital-loss,0.02783633510159996
marital-status,0.03461293025614172
relationship,0.03924773829891779
education-num,0.04832048893442058
age,0.06215944724007357
capital-gain,0.17594883399391267
