feature,shap_importance
relationship,0.11676113823994014
education-num,0.07384952820823584
capital-gain,0.054355240212469215
age,0.04395933733247605
marital-status,0.03548442525257639
hours-per-week,0.03104485875320243
capital-loss,0.015028224393031654
occupation,0.014264891770474806
fnlwgt,0.009845321071942748
education,0.008493218036410871
workclass,0.008164191947151992
sex,0.005135148874944345
race,0.00171965227032162
native-country,0.0016248920295256495
