feature,mean_importance
fnlwgt,-0.0005436723739340787
native-country,0.0006870727707885549
education,0.0007654075043091457
race,0.0011601510788252002
sex,0.0016297192505493995
workclass,0.004005466481497388
occupation,0.010632244863877227
marital-status,0.014648427603923842
capital-loss,0.01800013752410663
hours-per-week,0.027103651738601818
age,0.04373537623511853
education-num,0.056716833467104724
relationship,0.07702052571531454
capital-gain,0.1580987656092825
