feature,mean_importance
workclass,0.0
education,0.0
race,0.0
native-country,0.0
fnlwgt,2.1467299868238587e-05
sex,0.0009739458942249924
occupation,0.00436678351412102
hours-per-week,0.006932702654645573
capital-loss,0.007538882280418291
age,0.011057208680662423
marital-status,0.022386006817122207
education-num,0.04097729550429341
relationship,0.04769198558732028
capital-gain,0.05964492244926799
