feature,mean_importance
workclass,0.0
education,0.0
race,0.0
native-country,0.0
fnlwgt,2.9788972176858496e-05
sex,0.0009885747682115032
occupation,0.005352456304857911
capital-loss,0.0069184422860629315
hours-per-week,0.007751365016825396
age,0.011084653807100654
marital-status,0.024588087667232382
education-num,0.04022454866198285
relationship,0.04979286690804598
capital-gain,0.060179104102672645
