feature,mean_importance
workclass,0.0
education,0.0
race,0.0
native-country,0.0
fnlwgt,2.0962257851830925e-05
sex,0.0010341005721921758
occupation,0.004779753051493673
capital-loss,0.007197018353146667
hours-per-week,0.007774679114891247
age,0.012126250563991003
marital-status,0.026313401545505453
education-num,0.043442046652111765
relationship,0.05245245672536612
capital-gain,0.06445369446123478
