feature,mean_importance
workclass,0.0
education,0.0
race,0.0
native-country,0.0
fnlwgt,3.558256170524965e-05
sex,0.001235036280130508
occupation,0.005001665929504406
hours-per-week,0.006623482821580651
capital-loss,0.007052972339655517
age,0.011600604732978081
marital-status,0.02450639624469363
education-num,0.03857006546212155
relationship,0.05193689184414324
capital-gain,0.059356115292392334
