feature,mean_importance
workclass,0.0
education,0.0
race,0.0
native-country,0.0
fnlwgt,3.057303855625859e-05
sex,0.0010575997851285824
occupation,0.004144030720992298
hours-per-week,0.007059007327408773
capital-loss,0.008614419350784396
age,0.01156705776704441
marital-status,0.026355675692514992
education-num,0.038922525744894174
relationship,0.04799630892892055
capital-gain,0.06044236990347572
