feature,shap_importance
age,0.7518283128738403
relationship,0.7494195103645325
marital-status,0.4880465567111969
education-num,0.4387768805027008
capital-gain,0.4381773769855499
hours-per-week,0.36346009373664856
occupation,0.35571661591529846
sex,0.19611115753650665
capital-loss,0.17475569248199463
fnlwgt,0.13306163251399994
education,0.10657130181789398
workclass,0.0751589760184288
race,0.06736503541469574
native-country,0.042048756033182144
