feature,shap_importance
age,0.7612102031707764
relationship,0.742388904094696
capital-gain,0.5380359292030334
marital-status,0.5048642754554749
education-num,0.46594634652137756
hours-per-week,0.3831648826599121
occupation,0.3401748239994049
sex,0.1677217185497284
capital-loss,0.14044363796710968
fnlwgt,0.12183450162410736
education,0.07339133322238922
workclass,0.06112631782889366
race,0.05472584068775177
native-country,0.042456526309251785
