feature,mean_importance
fnlwgt,0.0003491838157354099
native-country,0.0011068362455092461
race,0.001813776553329516
workclass,0.0029151435546271977
education,0.003952976720956125
sex,0.006354763982513956
marital-status,0.02119253207148817
occupation,0.02198094603377988
hours-per-week,0.025207953814866357
capital-loss,0.028488263760063838
education-num,0.04207396423270393
relationship,0.06365108597062147
age,0.0686897820887504
capital-gain,0.1560450779550569
