feature,shap_importance
age,0.7539270520210266
relationship,0.7243292927742004
marital-status,0.5420745015144348
education-num,0.47020384669303894
capital-gain,0.4458582401275635
hours-per-week,0.387448251247406
occupation,0.3354235589504242
sex,0.16343246400356293
capital-loss,0.15465322136878967
fnlwgt,0.114956796169281
education,0.09190835803747177
workclass,0.06295788288116455
race,0.05626271292567253
native-country,0.04157070815563202
