feature,shap_importance
age,0.8368842601776123
relationship,0.7565582394599915
marital-status,0.5473617315292358
capital-gain,0.5091577172279358
education-num,0.504989504814148
hours-per-week,0.40894877910614014
occupation,0.31150996685028076
sex,0.1978820264339447
capital-loss,0.15216758847236633
fnlwgt,0.10638701170682907
workclass,0.09143676608800888
education,0.08235478401184082
race,0.07476858049631119
native-country,0.03840427100658417
