feature,mean_importance
native-country,0.0004254844845266503
education,0.0010192132358386786
race,0.0012790356040846217
fnlwgt,0.0019047822900751354
workclass,0.004568420837584986
sex,0.005517847785589192
occupation,0.0185795196967088
marital-status,0.021619290146404523
hours-per-week,0.026397789389648617
capital-loss,0.027861440290405305
education-num,0.04070717382837648
relationship,0.053970236298626274
age,0.07701484438796084
capital-gain,0.15589141051073935
