feature,mean_importance
native-country,0.00037840652299389046
fnlwgt,0.0020451051397438634
race,0.002378457348610108
workclass,0.002539574940914635
education,0.0026266021077762437
sex,0.0093723696630299
occupation,0.01760600131722152
marital-status,0.01851863592997116
hours-per-week,0.021896585205230124
capital-loss,0.02686603390966318
education-num,0.03316744062814159
relationship,0.059985233517405354
age,0.06927128239362479
capital-gain,0.1566364509742622
