feature,shap_importance
age,0.7687427997589111
relationship,0.7662912607192993
marital-status,0.46572762727737427
capital-gain,0.4483799636363983
education-num,0.44362932443618774
hours-per-week,0.39630192518234253
occupation,0.3248700499534607
sex,0.21942105889320374
capital-loss,0.16774418950080872
fnlwgt,0.10230612754821777
education,0.07979821413755417
workclass,0.0630992203950882
race,0.05651688203215599
native-country,0.023568561300635338
