feature,mean_importance
native-country,0.0005339068538430137
race,0.0014505906547000013
fnlwgt,0.0018500840059105018
workclass,0.0027030868058757207
education,0.004021624783624667
sex,0.005961041215134366
occupation,0.017062753570080868
hours-per-week,0.02220587732502898
marital-status,0.022284270221910218
education-num,0.029733623791249452
capital-loss,0.030043941167839417
age,0.06444390928572588
relationship,0.064899146837521
capital-gain,0.15330201313710573
