feature,mean_importance
fnlwgt,0.00017148869297655133
race,0.0008656252493712602
native-country,0.0021967568545956826
education,0.002865315566900817
workclass,0.00312007257270861
sex,0.0061381206210595176
occupation,0.016281597793468282
marital-status,0.022975707907499376
hours-per-week,0.023000436718247686
capital-loss,0.031970154580547486
education-num,0.03212217668206069
relationship,0.05721747833742265
age,0.06974172692160797
capital-gain,0.14770155017029815
