feature,mean_importance
education,4.1175511278823686e-05
race,0.0007106755811031595
native-country,0.0010824465282603612
fnlwgt,0.0015637169823161656
workclass,0.0024559710932068324
sex,0.0027961793767703135
occupation,0.015790509277983745
hours-per-week,0.017363254902602033
capital-loss,0.022229602980558316
marital-status,0.022762919451130792
age,0.03528813354132428
education-num,0.03886281601456428
relationship,0.06990143859785043
capital-gain,0.09907979014540087
