feature,mean_importance
race,0.0006256814413633904
native-country,0.0006666193300974399
fnlwgt,0.0010235962945536303
sex,0.0022711519887834487
education,0.0027382699632148345
workclass,0.003237112955844912
marital-status,0.011738007830181928
hours-per-week,0.018334315749037745
capital-loss,0.019410053817223848
occupation,0.02157986540697763
age,0.03453979676201867
education-num,0.042796853542131565
relationship,0.08890255903349835
capital-gain,0.10628861112342639
