feature,mean_importance
race,0.0005407901024495288
fnlwgt,0.000818479576877329
education,0.0010040293964796332
native-country,0.001054708978922969
sex,0.002058278255758439
workclass,0.0033807946235488995
marital-status,0.013558787399928673
occupation,0.01529614730727481
hours-per-week,0.018750179512455122
capital-loss,0.019189008566077536
education-num,0.03841309686808573
age,0.04086801469560654
relationship,0.07043049407006093
capital-gain,0.09885696475063302
