feature,mean_importance
education,0.0004475782939605044
race,0.0010706120095705263
native-country,0.0011692646427497234
fnlwgt,0.0012179645726129618
sex,0.0029248311220866465
workclass,0.003052393366392758
marital-status,0.007943381487791012
occupation,0.015050906925014396
hours-per-week,0.01626688592510985
capital-loss,0.020830430969623427
age,0.03574067968024318
education-num,0.04227501854404605
relationship,0.09320871605831856
capital-gain,0.09874519292460048
