feature,mean_importance
race,0.0008446400602978188
native-country,0.0015262652798254338
fnlwgt,0.0016735138215961509
education,0.002112410741672688
sex,0.00216725923656661
workclass,0.0027980395638874554
marital-status,0.012160882548493313
hours-per-week,0.016638798327535453
capital-loss,0.019317615680834545
occupation,0.019774286782137652
education-num,0.03246441677047477
age,0.03805963558937135
relationship,0.08569063405167092
capital-gain,0.10102381175684445
