feature,shap_importance
relationship,0.9491852521896362
age,0.7024617195129395
capital-gain,0.4382285177707672
hours-per-week,0.3773164749145508
education-num,0.3720388412475586
occupation,0.33363887667655945
sex,0.1801740527153015
marital-status,0.17770680785179138
capital-loss,0.1345406323671341
education,0.1273929625749588
fnlwgt,0.11234986037015915
workclass,0.07042018324136734
race,0.05151117220520973
native-country,0.02364153414964676
