feature,shap_importance
relationship,1.0165605545043945
age,0.7248443961143494
capital-gain,0.4499276280403137
hours-per-week,0.39939478039741516
education-num,0.33645904064178467
occupation,0.2875847816467285
education,0.18057197332382202
sex,0.17739813029766083
capital-loss,0.14566418528556824
marital-status,0.13535889983177185
fnlwgt,0.12942081689834595
workclass,0.07219073176383972
race,0.06634960323572159
native-country,0.03104083240032196
