feature,mean_importance
native-country,0.00043134411458053414
fnlwgt,0.0010686843908393362
race,0.0014053522114140682
marital-status,0.0030204084236758353
workclass,0.0033714672133721368
sex,0.006994995670201542
education,0.008884123069180438
occupation,0.013827203893850382
education-num,0.01635407975209252
hours-per-week,0.020845683623516475
capital-loss,0.025241315020372922
age,0.06867746577755637
relationship,0.10461015768471746
capital-gain,0.1321737057702546
