feature,mean_importance
native-country,-0.0006469731095154918
fnlwgt,0.0014319333164819815
race,0.0014929113083397394
marital-status,0.001656167478377002
workclass,0.0032130075931872115
sex,0.005546371260297123
education,0.007043334389813716
occupation,0.014425584930313429
education-num,0.018418799752981052
capital-loss,0.0229112164363524
hours-per-week,0.023733619192552256
age,0.06514765270020806
relationship,0.10385867426525111
capital-gain,0.12577929611537844
