feature,mean_importance
native-country,4.10240597532141e-05
fnlwgt,0.0009793945543755899
race,0.001256498057957356
marital-status,0.0037695269158220857
workclass,0.0038997855251215905
sex,0.004674513105928635
education,0.008568541420743581
occupation,0.020366179708860056
capital-loss,0.023921725911811076
hours-per-week,0.025567983764382896
education-num,0.02732601304054174
age,0.06403052514617771
relationship,0.11077284220032504
capital-gain,0.1379600583738558
