feature,mean_importance
native-country,0.0004253833698282916
race,0.0012845302721238405
fnlwgt,0.0015034887018547161
workclass,0.0026075801279110246
marital-status,0.0028439219336847234
education,0.004456811678382078
sex,0.005541739723136952
occupation,0.018945149958154717
hours-per-week,0.022298690607065096
education-num,0.022656610870516937
capital-loss,0.023721841136120424
age,0.05769141385927125
relationship,0.09523902138974041
capital-gain,0.12469477093298172
