feature,shap_importance
relationship,1.0696536302566528
age,0.7039303183555603
capital-gain,0.4505959749221802
hours-per-week,0.3812088072299957
education-num,0.3492976725101471
occupation,0.31860655546188354
sex,0.1737227588891983
education,0.17135518789291382
capital-loss,0.1556480973958969
fnlwgt,0.1503225415945053
marital-status,0.1436142474412918
race,0.06254827231168747
workclass,0.05618835240602493
native-country,0.03608623519539833
