feature,mean_importance
fnlwgt,0.0010540970394454009
native-country,0.0010859081271728187
marital-status,0.0011423539687429596
race,0.0011877955814132424
workclass,0.0033274108651089596
sex,0.003701608202601381
education,0.006775364515598637
occupation,0.016018353353245605
education-num,0.018508144057883546
hours-per-week,0.02167663747542562
capital-loss,0.024579773480213663
age,0.05681963513779026
relationship,0.11197422267873809
capital-gain,0.1215596851390136
