feature,shap_importance
relationship,1.0163666009902954
age,0.7035921216011047
capital-gain,0.42725712060928345
hours-per-week,0.3989693820476532
education-num,0.3581143319606781
occupation,0.29057273268699646
marital-status,0.19023007154464722
sex,0.17063067853450775
fnlwgt,0.14437374472618103
education,0.14326567947864532
capital-loss,0.13228361308574677
workclass,0.07957146316766739
race,0.07435562461614609
native-country,0.020931793376803398
