feature,shap_importance
relationship,0.9598546624183655
age,0.7081080675125122
capital-gain,0.45915791392326355
hours-per-week,0.3842901885509491
education-num,0.35011807084083557
occupation,0.2959582209587097
sex,0.19108666479587555
education,0.1865876168012619
marital-status,0.1613738089799881
fnlwgt,0.12404009699821472
capital-loss,0.11492745578289032
race,0.08724784106016159
workclass,0.07944157719612122
native-country,0.021951446309685707
