feature,mean_importance
native-country,0.00010334709000272557
occupation,0.0008624041710065811
workclass,0.0021348541804733336
fnlwgt,0.002275893758928715
race,0.002770915573313015
education,0.003274055481165261
capital-loss,0.0074728066616632114
sex,0.024764607727208322
relationship,0.026952693626527312
hours-per-week,0.03210595062980798
age,0.0580872936953057
marital-status,0.0760002103002629
education-num,0.08841337919759429
capital-gain,0.1407198664430305
