feature,shap_importance
age,0.7256510853767395
marital-status,0.6800247430801392
relationship,0.6114014387130737
capital-gain,0.5165786743164062
education-num,0.41620248556137085
hours-per-week,0.39471501111984253
occupation,0.30747246742248535
capital-loss,0.1513739973306656
education,0.12225005775690079
fnlwgt,0.11929372698068619
sex,0.11113462597131729
workclass,0.09877981245517731
race,0.06820365786552429
native-country,0.03977926820516586
