feature,shap_importance
marital-status,0.7663845419883728
age,0.701298177242279
relationship,0.553364634513855
capital-gain,0.44974520802497864
education-num,0.4251379668712616
hours-per-week,0.3728583753108978
occupation,0.2979777157306671
capital-loss,0.17222769558429718
education,0.14303888380527496
fnlwgt,0.1334611177444458
sex,0.09709290415048599
workclass,0.0794638991355896
race,0.07830855250358582
native-country,0.030430857092142105
