feature,mean_importance
native-country,0.00035452713076487006
fnlwgt,0.0007980115851912827
race,0.001963165847038528
education,0.002792203544663574
sex,0.0029278576808184466
workclass,0.0035297374509158817
occupation,0.020103947776566423
capital-loss,0.02466352195352144
hours-per-week,0.029669028624824723
relationship,0.03885887134675155
education-num,0.04032397096539161
marital-status,0.045565007551067814
age,0.06445478911038792
capital-gain,0.13413491770058333
