feature,shap_importance
marital-status,0.7574767470359802
age,0.7163342237472534
relationship,0.557354211807251
education-num,0.42935600876808167
capital-gain,0.42653948068618774
hours-per-week,0.41792187094688416
occupation,0.33004218339920044
capital-loss,0.1736830770969391
sex,0.14957945048809052
education,0.1367991417646408
fnlwgt,0.10858948528766632
workclass,0.09175749123096466
race,0.04028235003352165
native-country,0.02965882606804371
