feature,mean_importance
fnlwgt,-0.0016160810313140318
race,0.00019911855703941272
native-country,0.0010551690888825015
workclass,0.0020937708650165645
sex,0.004928477931905229
education,0.008676965116454383
occupation,0.01438484975707972
education-num,0.026947734812770064
capital-loss,0.028395746968254885
hours-per-week,0.028542155336293163
marital-status,0.033815581099760995
relationship,0.0367614811345778
age,0.0665553858834648
capital-gain,0.12956041019629067
