feature,mean_importance
native-country,-8.812868615668546e-05
race,0.000852795852632815
education,0.002448123891478815
sex,0.002632329834180691
fnlwgt,0.002800675955814247
workclass,0.004705470588837879
occupation,0.020730016227788993
capital-loss,0.02615001983888641
hours-per-week,0.026559618917395854
marital-status,0.033162365923794054
education-num,0.036521587954197264
relationship,0.03741207463916838
age,0.06786938551043865
capital-gain,0.1315881143529633
