feature,shap_importance
marital-status,0.7525436878204346
age,0.6999485492706299
relationship,0.5433738827705383
capital-gain,0.4545673131942749
education-num,0.4481823146343231
hours-per-week,0.44092652201652527
occupation,0.27322477102279663
fnlwgt,0.13140317797660828
capital-loss,0.12193714827299118
sex,0.11940382421016693
education,0.10706256330013275
race,0.08489355444908142
workclass,0.07998907566070557
native-country,0.022254761308431625
