feature,shap_importance
age,0.7104541063308716
marital-status,0.6679162383079529
relationship,0.6146472692489624
capital-gain,0.4838983416557312
hours-per-week,0.41916096210479736
education-num,0.39042484760284424
occupation,0.3090502619743347
capital-loss,0.15898819267749786
sex,0.15624767541885376
education,0.1482609063386917
fnlwgt,0.10502632707357407
workclass,0.06658734381198883
race,0.03022683598101139
native-country,0.029592271894216537
