feature,mean_importance
native-country,0.00010290643062543792
fnlwgt,0.000672172462191023
race,0.00171489553773152
education,0.0030701797069693226
sex,0.0039861630634166366
workclass,0.00486428010812
occupation,0.019567678680572364
education-num,0.0254859823821595
hours-per-week,0.026024458417429685
capital-loss,0.027683539566366478
relationship,0.03531641130389844
marital-status,0.04726681280717784
age,0.057259568002316096
capital-gain,0.13391172017813627
