feature,mean_importance
native-country,0.0003083129660772066
race,0.0012872524561570286
fnlwgt,0.0029810837793815548
workclass,0.004229033671790339
sex,0.005257512431665978
education,0.006279038116509861
occupation,0.023895189145700813
capital-loss,0.02448928013547095
education-num,0.02670880137971974
relationship,0.026879986439772175
hours-per-week,0.02831523011812791
marital-status,0.04912964207815573
age,0.06800016830110768
capital-gain,0.13755727978426419
