feature,mean_importance
native-country,-0.0004529608023376763
occupation,-0.00037488311080075
education,5.5497694629769165e-05
fnlwgt,0.0002210273693814213
workclass,0.0009159955615485992
race,0.0011704369536821412
relationship,0.005693210839715168
capital-loss,0.011037195836266566
marital-status,0.014044982503893988
hours-per-week,0.017061643522389848
sex,0.020609435018445643
age,0.02589714127480356
education-num,0.08842020779712703
capital-gain,0.177826503876151
