feature,shap_importance
education-num,0.672543685327516
capital-gain,0.5775009265817543
sex,0.3923192277218863
age,0.3453130267447255
marital-status,0.3117852159129444
hours-per-week,0.22127320584563898
relationship,0.18844023621620112
capital-loss,0.1122693589068512
race,0.07545114629125654
education,0.04534504377220195
workclass,0.04377168259286667
fnlwgt,0.03895273130440955
occupation,0.024053836483923695
native-country,0.00023472243770827073
