feature,shap_importance
education-num,0.622959567769508
capital-gain,0.5769947991715058
sex,0.3915943809511151
age,0.36281839442728764
marital-status,0.2925009326069312
hours-per-week,0.22393828216780937
relationship,0.1823026263619551
capital-loss,0.12308399665261556
race,0.07803928077593804
education,0.04639624257318785
workclass,0.0457592478252878
fnlwgt,0.03794604382961798
occupation,0.0030184270897814633
native-country,0.0005822590877890772
