feature,mean_importance
occupation,-5.3701144683027115e-05
native-country,1.46781524655748e-05
fnlwgt,0.00037440713578624775
education,0.00040874885242602187
workclass,0.0004967924814609503
race,0.0019028228227346289
relationship,0.005679358132450884
capital-loss,0.011843130448969374
marital-status,0.013695370214744939
hours-per-week,0.01596935301749942
sex,0.020237881053189577
age,0.026934361884717116
education-num,0.082289118198343
capital-gain,0.15771444067696208
