feature,shap_importance
capital-gain,0.6715874402838417
education-num,0.6240461885056862
sex,0.4035267055618078
age,0.39666226120812353
marital-status,0.2955570365399028
hours-per-week,0.2213535728924237
relationship,0.16980731837348123
capital-loss,0.12241360112885093
race,0.08648602210855807
education,0.04877032341876432
workclass,0.04675730810197803
fnlwgt,0.03251472804061468
native-country,0.004463299382763811
occupation,0.002642328794038666
