feature,shap_importance
capital-gain,0.6981739432066133
education-num,0.6153411875267827
age,0.39413522113240923
sex,0.38554042411032474
marital-status,0.29544851625804525
hours-per-week,0.24157962754228227
relationship,0.19303190217547658
capital-loss,0.10412224347966886
race,0.07349216346695849
fnlwgt,0.04700945220944654
workclass,0.043060963284811765
occupation,0.035108766073409244
education,0.028492953654789446
native-country,0.007576611153954895
