feature,mean_importance
occupation,-5.431983365060678e-05
native-country,3.2958665184346093e-05
education,0.00030367026178074186
fnlwgt,0.00045879989298936997
workclass,0.0012859910839687406
race,0.001558737203997429
relationship,0.0047502830882538375
capital-loss,0.013680310271620278
marital-status,0.014436069912509753
hours-per-week,0.017176444185841865
sex,0.019965252896392126
age,0.022605540055140837
education-num,0.08478236498910666
capital-gain,0.19333679899442008
