feature,mean_importance
fnlwgt,-2.733214034913445e-05
occupation,-1.3928237492499829e-05
native-country,-2.8026518122170606e-06
education,0.0002454231162646647
workclass,0.0011438990669292437
race,0.0016660652563837753
relationship,0.005185883283147519
marital-status,0.010830826269405758
capital-loss,0.010973373151872579
hours-per-week,0.018641778314685064
sex,0.018667940748057433
age,0.024536790587768996
education-num,0.08832964903170817
capital-gain,0.1792417727312238
