feature,mean_importance
occupation,-0.00023833717455579162
fnlwgt,-5.2081096358158606e-05
native-country,8.085624843723327e-06
education,0.0006332969222826001
workclass,0.0011714861279130573
race,0.0017075331754783263
relationship,0.0047206946969031716
capital-loss,0.009972265330446928
marital-status,0.01491509356316888
hours-per-week,0.01630836794094348
sex,0.020481689860977516
age,0.02369936660676898
education-num,0.09014657780657682
capital-gain,0.22168084637161117
