feature,shap_importance
education-num,0.6290138809985717
capital-gain,0.5707877139378225
sex,0.40895626890329795
age,0.3921881247206904
marital-status,0.29484553976051997
hours-per-week,0.22943119303832638
relationship,0.17929644742733142
capital-loss,0.10832959985557869
race,0.08784515603712183
education,0.058261975411366365
workclass,0.04933228695837601
occupation,0.04594604676182324
fnlwgt,0.03692372408553835
native-country,0.020806621450708135
