feature,mean_importance
fnlwgt,-0.0004622239515869042
native-country,0.00027942926006886416
race,0.0013869735000041294
education,0.002390778905249058
workclass,0.003563601596194155
sex,0.004680675331430062
marital-status,0.018430900134246576
occupation,0.020120743902938297
capital-loss,0.02267125299925834
hours-per-week,0.028714611085735132
education-num,0.041543397872407975
age,0.06870720492848206
relationship,0.06924450999982558
capital-gain,0.15319884572927117
