feature,shap_importance
relationship,0.8709492683410645
age,0.7949655055999756
capital-gain,0.5240501761436462
marital-status,0.4508715569972992
education-num,0.4379756450653076
hours-per-week,0.422153115272522
occupation,0.3096299171447754
fnlwgt,0.18730512261390686
sex,0.17420019209384918
capital-loss,0.13047778606414795
education,0.12991511821746826
workclass,0.09792879968881607
race,0.06679009646177292
native-country,0.04088636860251427
