feature,mean_importance
fnlwgt,0.001025624014763138
native-country,0.0016351733072016094
race,0.0024373812984199382
education,0.004106303589898541
sex,0.0043174618029740205
workclass,0.004509639593845982
occupation,0.014635668939013335
capital-loss,0.022157425896903414
marital-status,0.02242523531021149
hours-per-week,0.02617589092647523
education-num,0.029318797531412123
relationship,0.05764591625626758
age,0.06562242020223975
capital-gain,0.1279772287660479
