feature,shap_importance
relationship,0.8260971903800964
age,0.7088565826416016
marital-status,0.5199765563011169
education-num,0.47434401512145996
capital-gain,0.46739810705184937
hours-per-week,0.41557857394218445
occupation,0.31357523798942566
fnlwgt,0.1772526353597641
sex,0.13861389458179474
capital-loss,0.1351134330034256
education,0.10409217327833176
workclass,0.08199255168437958
race,0.07375117391347885
native-country,0.03472072631120682
