feature,mean_importance
fnlwgt,0.0008854442696239583
native-country,0.001233548000643747
race,0.0015614429690133825
sex,0.0018172698344326333
workclass,0.0028213300293462697
education,0.004173240688295265
occupation,0.015212053109610135
marital-status,0.019328488992250814
capital-loss,0.021362873502304158
hours-per-week,0.024436875261170766
education-num,0.03019252878221875
relationship,0.06632603033020253
age,0.06749357367837058
capital-gain,0.14060156461892498
