feature,mean_importance
native-country,0.0001323536515946744
education,0.001472095456999134
race,0.0021031079009431906
workclass,0.003123971606038778
fnlwgt,0.0035667016261448636
sex,0.0046388225655492835
occupation,0.01713843148534009
marital-status,0.017879557399825587
capital-loss,0.025284223508653336
hours-per-week,0.026253559472103928
education-num,0.03169438505842578
age,0.07178187931397084
relationship,0.07276994784614715
capital-gain,0.14890153727031902
