feature,shap_importance
relationship,0.831550121307373
age,0.7402318716049194
marital-status,0.443389356136322
education-num,0.4409310221672058
capital-gain,0.4225532114505768
hours-per-week,0.39948439598083496
occupation,0.2743088901042938
fnlwgt,0.16588369011878967
education,0.1422353833913803
capital-loss,0.13512280583381653
sex,0.10004305094480515
workclass,0.0788528248667717
race,0.05034956336021423
native-country,0.039680708199739456
