feature,shap_importance
relationship,0.806659996509552
age,0.7172136902809143
education-num,0.458146333694458
marital-status,0.44604408740997314
hours-per-week,0.4334539771080017
capital-gain,0.42426174879074097
occupation,0.30446016788482666
fnlwgt,0.21803636848926544
capital-loss,0.15375947952270508
sex,0.14275531470775604
education,0.1129065752029419
workclass,0.08733489364385605
race,0.08646723628044128
native-country,0.03639515861868858
