feature,mean_importance
native-country,-0.0009088038141649935
race,0.0006440207349536542
fnlwgt,0.0035885380412963184
sex,0.003670055850627585
education,0.004633108240678463
workclass,0.004781598166468703
marital-status,0.01264466751204415
occupation,0.016585569140001845
capital-loss,0.022063881961845243
hours-per-week,0.02958732796639544
education-num,0.030789335942128716
relationship,0.06582165555283469
age,0.0740900623723931
capital-gain,0.1418263012584568
