feature,shap_importance
relationship,0.7607938647270203
age,0.636089563369751
marital-status,0.5362737774848938
capital-gain,0.445209801197052
hours-per-week,0.41615715622901917
education-num,0.41239383816719055
occupation,0.3044095039367676
fnlwgt,0.17734010517597198
education,0.16266685724258423
sex,0.1403772234916687
capital-loss,0.13499827682971954
workclass,0.08402951806783676
race,0.07213122397661209
native-country,0.026679055765271187
