feature,mean_importance
workclass,0.0
fnlwgt,0.0
education,0.0
marital-status,0.0
occupation,0.0
race,0.0
native-country,0.0
sex,0.002982760770660298
hours-per-week,0.004596185683758669
age,0.007362679825593577
capital-loss,0.007426012641600588
education-num,0.036169015210272326
capital-gain,0.04001629591448745
relationship,0.07960731388808391
