feature,mean_importance
workclass,0.0
fnlwgt,0.0
education,0.0
marital-status,0.0
occupation,0.0
race,0.0
native-country,0.0
sex,0.003323408216117796
hours-per-week,0.004536411397565987
capital-loss,0.006666541183639063
age,0.007327060686741405
education-num,0.035562627975775626
capital-gain,0.04051725336349819
relationship,0.08036101213807409
