feature,mean_importance
workclass,0.0
education,0.0
marital-status,0.0
occupation,0.0
race,0.0
native-country,0.0
fnlwgt,8.388287945554351e-05
sex,0.001589245933594785
hours-per-week,0.00381159438055908
capital-loss,0.007932666913566732
age,0.008994869088033996
education-num,0.0352933012989725
capital-gain,0.04153064650445293
relationship,0.07598999969153299
