feature,mean_importance
race,0.0007993684246924704
native-country,0.0014121955683005561
fnlwgt,0.0016732605117679156
education,0.0022737398192204774
sex,0.003654873774642442
workclass,0.003770333982678742
marital-status,0.012210883179089393
hours-per-week,0.015534073917766521
capital-loss,0.02057955927444024
occupation,0.02100695750648519
education-num,0.03765502168605327
age,0.03971483112943075
relationship,0.08582361102318956
capital-gain,0.10628272957421263
