feature,mean_importance
race,0.0007295907079501229
native-country,0.0012549101326784107
fnlwgt,0.0012728643715531397
education,0.0014000952285440405
workclass,0.0029400561971231975
sex,0.0036745550902011594
marital-status,0.011065904513090075
occupation,0.015425672887585007
hours-per-week,0.016541730274730392
capital-loss,0.021608325473552736
age,0.035027950236466966
education-num,0.03894592500705142
relationship,0.08000509293398408
capital-gain,0.10386243331582726
