feature,mean_importance
race,0.0006258017367793301
native-country,0.0009172175341195854
fnlwgt,0.0009860434230408942
education,0.0020258022588329205
sex,0.0034782975405943327
workclass,0.0036062511773242824
marital-status,0.007461877942179307
occupation,0.017246224490319317
hours-per-week,0.019716797406523146
capital-loss,0.02037199713426787
education-num,0.03604678336351639
age,0.04188337033182023
relationship,0.08731822717367185
capital-gain,0.10063673365269388
