feature,mean_importance
education,0.0005818209594927959
race,0.0007860103993300172
native-country,0.0011985900928308646
fnlwgt,0.0012953150863269536
workclass,0.003199442417461251
sex,0.0032707333738807853
marital-status,0.014957220268416626
occupation,0.015535468007194431
hours-per-week,0.01885874433866692
capital-loss,0.02398630508606061
education-num,0.03500474885471396
age,0.0384895708471165
relationship,0.08308006531824547
capital-gain,0.10466645859863184
