feature,mean_importance
native-country,0.0004883382890814358
race,0.0005864049434883944
fnlwgt,0.0012149781103153456
education,0.0019306514655059504
sex,0.00348970844962313
workclass,0.003592907296585857
marital-status,0.012606418977714463
hours-per-week,0.019677745229981725
capital-loss,0.021168801429000315
occupation,0.022242930671653782
age,0.03793556181907735
education-num,0.04587431636403908
relationship,0.08012392474506466
capital-gain,0.10800217637429947
