feature,mean_importance
sepal length (cm),0.4308874479786554
sepal width (cm),0.45204800392155187
petal width (cm),1.3982318102553797
petal length (cm),2.083796872860561
