feature,mean_importance
sepal width (cm),0.6643972748228107
sepal length (cm),1.0165355317974096
petal length (cm),2.397443876895953
petal width (cm),4.703118216976655
