feature,mean_importance
sepal width (cm),0.05944434330521309
sepal length (cm),0.07799136326173942
petal width (cm),0.28551494027410484
petal length (cm),0.43675210129849784
