feature,mean_importance
sepal length (cm),0.09249234523452947
sepal width (cm),0.10133225003636825
petal width (cm),0.3217925657444835
petal length (cm),0.5113170368887634
