feature,shap_importance
petal length (cm),0.50951147428702
petal width (cm),0.36015185688180984
sepal length (cm),0.17842110274779477
sepal width (cm),0.15537570014912405
