feature,shap_importance
petal length (cm),0.48230051973452476
petal width (cm),0.3857663097010128
sepal length (cm),0.2107369704551953
sepal width (cm),0.14767127199615346
