feature,mean_importance
sepal width (cm),0.041914346066062355
sepal length (cm),0.0862172827098389
petal width (cm),0.35736423156366237
petal length (cm),0.42933473070194916
