feature,mean_importance
sepal width (cm),0.013558175360694941
sepal length (cm),0.10352194818567728
petal width (cm),0.30785756312417234
petal length (cm),0.5097417158348652
