feature,shap_importance
petal length (cm),0.5138510381022199
petal width (cm),0.3883779735415536
sepal length (cm),0.17510778511656439
sepal width (cm),0.16652533165508776
