feature,mean_importance
sepal width (cm),0.04905324280917608
sepal length (cm),0.15679414102476397
petal width (cm),0.37457159497229225
petal length (cm),0.539727227043233
