feature,mean_importance
workclass,0.0
education,0.0
marital-status,0.0
occupation,0.0
race,0.0
native-country,0.0
fnlwgt,2.307338324015751e-05
sex,0.0017425672738689668
hours-per-week,0.0048788253928123025
age,0.007893386158749894
capital-loss,0.008070868740802173
education-num,0.03727087094803202
capital-gain,0.047771101131448016
relationship,0.08191144091818192
