feature,mean_importance
education,0.0009425441561503156
race,0.0009805222849779249
fnlwgt,0.0012831068614035824
native-country,0.0014082861727875095
workclass,0.002790380055142794
sex,0.00315714466717405
marital-status,0.011255711109381328
occupation,0.017824015987941887
hours-per-week,0.019544942341306805
capital-loss,0.026054757454042732
age,0.03766547243372735
education-num,0.04531417447146323
relationship,0.08088763395426066
capital-gain,0.10780185153884783
