feature,mean_importance
fnlwgt,-6.389862521596345e-05
workclass,0.0
education,0.0
marital-status,0.0
occupation,0.0
race,0.0
native-country,0.0
sex,0.0015718690371725242
hours-per-week,0.005146266575057812
capital-loss,0.006972556176543321
age,0.009433602938440122
education-num,0.03587331693364224
capital-gain,0.04644285177177375
relationship,0.07696863579216877
