feature,mean_importance
fnlwgt,0.0005968680650597413
native-country,0.0006498238272785062
race,0.0008670651699511644
education,0.0016737408511413477
workclass,0.0023607648574262563
sex,0.002843234530120575
marital-status,0.013555619910898964
capital-loss,0.01664816223747334
hours-per-week,0.016948213824705172
occupation,0.018771279219856517
age,0.029917104071703827
education-num,0.0446009909624412
capital-gain,0.08916708316383681
relationship,0.08993155867203653
