feature,mean_importance
native-country,0.0009987526310662354
race,0.0013031618832213044
fnlwgt,0.002139240233043771
education,0.0021414447030612014
sex,0.002985186349725932
workclass,0.003089190340827952
marital-status,0.0166116090436488
hours-per-week,0.019145138109197102
occupation,0.021369507132529296
capital-loss,0.024123903370534817
age,0.04286669040874227
education-num,0.04309597381341024
relationship,0.09775886886069782
capital-gain,0.1140269911645166
