feature,mean_importance
workclass,0.0
education,0.0
marital-status,0.0
race,0.0
native-country,0.0
fnlwgt,0.00042109688823450676
sex,0.002349456336366207
occupation,0.003290834235333229
capital-loss,0.008939410714611495
hours-per-week,0.009781912140947846
age,0.017213981399811683
education-num,0.04875200279401015
capital-gain,0.07277679174101237
relationship,0.12267829147236262
