feature,mean_importance
workclass,0.0
fnlwgt,0.0
education,0.0
marital-status,0.0
race,0.0
native-country,0.0
sex,0.0024500158226800515
occupation,0.005838210673048716
capital-loss,0.008911098206930501
hours-per-week,0.010422480072612839
age,0.018241467674969626
education-num,0.044198431969256734
capital-gain,0.0636692339178827
relationship,0.11573956910060748
