feature,mean_importance
workclass,0.0
education,0.0
marital-status,0.0
race,0.0
native-country,0.0
fnlwgt,0.00023338941003304693
sex,0.0008945714719114428
occupation,0.0028024975278084672
hours-per-week,0.008918695355418772
capital-loss,0.009012224374116983
age,0.015897760509035443
education-num,0.0479465387525712
capital-gain,0.06165067661467214
relationship,0.12220475522734722
