feature,mean_importance
workclass,0.0
education,0.0
marital-status,0.0
occupation,0.0
race,0.0
native-country,0.0
fnlwgt,0.00025815429035672686
sex,0.0018363689728968847
capital-loss,0.008772925509483942
hours-per-week,0.0098576696967558
age,0.01332191255933578
education-num,0.05119320470694636
capital-gain,0.06498519217892383
relationship,0.1180801755619981
