feature,shap_importance
petal length (cm),0.3573599701824463
petal width (cm),0.33621856152029506
sepal length (cm),0.13430189308282448
sepal width (cm),0.12003831806336229
