feature,mean_importance
sepal width (cm),0.00967691606366805
sepal length (cm),0.08483242822608
petal width (cm),0.24255948707325445
petal length (cm),0.35395553875318225
