feature,shap_importance
petal length (cm),0.3654567644366012
petal width (cm),0.30670508901980814
sepal width (cm),0.149550579720509
sepal length (cm),0.14826708219364965
