feature,mean_importance
sepal width (cm),0.0712282137358181
sepal length (cm),0.07499427539773748
petal width (cm),0.3045283773651714
petal length (cm),0.3149904266410112
