feature,shap_importance
petal length (cm),0.3661780096401563
petal width (cm),0.3155341542442124
sepal length (cm),0.15267955814456294
sepal width (cm),0.11288519807769039
