feature,mean_importance
sepal width (cm),0.055908613501863456
sepal length (cm),0.08961453379226794
petal width (cm),0.2446870804135685
petal length (cm),0.29884971554515893
