feature,shap_importance
petal length (cm),0.3672876695561163
petal width (cm),0.31706036799722176
sepal length (cm),0.16382834674035485
sepal width (cm),0.1402392282820547
