feature,mean_importance
sepal width (cm),0.03522041773794793
sepal length (cm),0.11575015581825043
petal width (cm),0.2894838452018428
petal length (cm),0.3668503276376048
