feature,mean_importance
sepal width (cm),0.07674332405382102
sepal length (cm),0.08229087928672238
petal width (cm),0.25898250925540756
petal length (cm),0.3405955905229042
