feature,shap_importance
petal length (cm),0.3736663531021
petal width (cm),0.3268225305310328
sepal width (cm),0.1530059994328304
sepal length (cm),0.15274727652621922
