feature,shap_importance
relationship,0.08480979203526919
education-num,0.06971744710072322
marital-status,0.061206425709860304
capital-gain,0.05112992384537673
age,0.04698670797825154
hours-per-week,0.03189084780669249
occupation,0.014965837750111075
capital-loss,0.014916104452616551
education,0.013680215208336139
sex,0.009337498591184103
fnlwgt,0.00687556056207696
workclass,0.005829947237662411
race,0.0030044879302872115
native-country,0.0013826824393817212
