feature,mean_importance
native-country,-7.864995217171655e-05
race,0.00039836912723159037
fnlwgt,0.0004943021935664094
workclass,0.002392775125109248
sex,0.0032639441775561663
education,0.0047669272642429815
occupation,0.007291021535002595
capital-loss,0.01500762012988206
hours-per-week,0.02299240739352022
marital-status,0.03584997468063088
age,0.03839096276390637
education-num,0.048625644776504384
relationship,0.051308604572464535
capital-gain,0.10589821267252937
