feature,mean_importance
native-country,7.317875325529855e-05
fnlwgt,0.0007586227718650695
race,0.0008214483988931209
sex,0.00247770714993959
workclass,0.0027241326799937295
education,0.004426775988390019
occupation,0.005583285186439957
capital-loss,0.013058482059524024
hours-per-week,0.022681548836347674
marital-status,0.025225125889675827
age,0.039903459039800006
education-num,0.045782643212288435
relationship,0.054920783026633745
capital-gain,0.09270054932897731
