feature,shap_importance
relationship,0.08156422341387351
education-num,0.07062297593838575
marital-status,0.05951606973228051
capital-gain,0.05192598016989059
age,0.047109466685530024
hours-per-week,0.029912800012994584
occupation,0.015281839516700521
capital-loss,0.015005438647938277
education,0.012625495424472504
sex,0.012488054720090583
fnlwgt,0.006524957983058747
workclass,0.005852662404536602
race,0.004127557067353254
native-country,0.0020380218779624446
