feature,shap_importance
relationship,0.08241177318139868
education-num,0.06717538434665012
marital-status,0.060726832865613194
capital-gain,0.05604121800229872
age,0.0458199233241344
hours-per-week,0.03351156563259228
capital-loss,0.015132698492571551
education,0.014637195328861485
occupation,0.013220070716570479
sex,0.010080785352580592
fnlwgt,0.00712130348941523
workclass,0.005087291166028084
race,0.004228229397060829
native-country,0.002340331331721074
