feature,shap_importance
relationship,0.0867883725000168
education-num,0.06903804213396761
marital-status,0.05890399272325157
capital-gain,0.055700402065114375
age,0.044120211088241865
hours-per-week,0.03173374141613538
education,0.015559950791514777
occupation,0.01432825730511513
capital-loss,0.013869990109315403
sex,0.009441481026334695
fnlwgt,0.006395290385288959
workclass,0.0057568435429078465
race,0.0032637894340014524
native-country,0.0012766853672512798
