feature,mean_importance
native-country,0.0002614726427557001
fnlwgt,0.00048747406384216376
race,0.0007688532995065
workclass,0.002046609657539944
sex,0.004436840666239461
education,0.005253678615716062
occupation,0.006806563264578946
capital-loss,0.015739680351685582
hours-per-week,0.019850966367784207
marital-status,0.03320582287496624
age,0.04017070457400747
education-num,0.04382861861529539
relationship,0.05213837958540355
capital-gain,0.10014725530848842
