feature,mean_importance
native-country,0.0001861683378893364
fnlwgt,0.0009197451241147569
race,0.001078529251799809
sex,0.0023772931204104285
workclass,0.002986744893783344
education,0.0038912044917099988
occupation,0.007587412315272735
capital-loss,0.014796692101307973
hours-per-week,0.021733359258537577
marital-status,0.03302548935931664
age,0.04147694635193194
education-num,0.04360262468312365
relationship,0.05117309292044854
capital-gain,0.096576068507708
