feature,mean_importance
fnlwgt,-0.00048538590473633513
native-country,0.00046225799517469747
race,0.0010235767987011978
sex,0.002254826961444123
workclass,0.0025578731833711954
education,0.004547208171878337
occupation,0.006181559242990131
capital-loss,0.015616869989379334
hours-per-week,0.01948126527132772
marital-status,0.02807085551282934
age,0.03948183247298774
education-num,0.04486917364873048
relationship,0.05100318229059906
capital-gain,0.09485262034670545
