feature,shap_importance
relationship,0.09002287795950956
education-num,0.06620546392516313
marital-status,0.05513046462506383
capital-gain,0.05216363391709283
age,0.045465325585054915
hours-per-week,0.030840956957839602
capital-loss,0.014957494661639219
education,0.01483281630745949
occupation,0.013058973679536795
sex,0.01021742670777544
fnlwgt,0.0066198727441514026
workclass,0.0053752887561743104
race,0.0041884944138877046
native-country,0.002128497221608905
