feature,mean_importance
sepal width (cm),0.07499507869143404
sepal length (cm),0.13808302161170433
petal length (cm),0.25551461893542293
petal width (cm),0.27763090097513393
