feature,shap_importance
petal width (cm),0.3482185115237465
petal length (cm),0.31167007989603557
sepal length (cm),0.2538398847107868
sepal width (cm),0.131624753999137
