feature,shap_importance
petal width (cm),0.3681276069526813
petal length (cm),0.31471812047304537
sepal length (cm),0.24205378830800178
sepal width (cm),0.12959892548126942
