feature,mean_importance
sepal width (cm),0.027817940156867938
sepal length (cm),0.1490496639575412
petal width (cm),0.29941685811021584
petal length (cm),0.30015974971115256
