feature,shap_importance
petal width (cm),0.3417954016686202
petal length (cm),0.29787993782491085
sepal length (cm),0.2824123402716866
sepal width (cm),0.15778659952259597
