feature,mean_importance
sepal width (cm),0.037856660900171944
sepal length (cm),0.19193501219209455
petal length (cm),0.3124168580464598
petal width (cm),0.3413723184579162
