feature,mean_importance
sepal width (cm),0.10231130027310822
sepal length (cm),0.12928999433997015
petal length (cm),0.26274840655971116
petal width (cm),0.31571576697882087
