feature,shap_importance
petal width (cm),0.36071945549293727
petal length (cm),0.31842144823132046
sepal length (cm),0.2333357644389467
sepal width (cm),0.1644895925061188
