feature,shap_importance
petal width (cm),0.35033091538832256
petal length (cm),0.32349297765321183
sepal length (cm),0.23816120847768107
sepal width (cm),0.13721174477567652
