feature,mean_importance
sepal width (cm),0.07151866373911268
sepal length (cm),0.1566105242441871
petal length (cm),0.2543916726245411
petal width (cm),0.3287531174136801
