feature,mean_importance
education,-0.0011978485325566668
race,4.948861624550771e-05
native-country,0.0004942360797165146
fnlwgt,0.000523438638488416
sex,0.0013300111984010932
workclass,0.0033386399554108824
occupation,0.014874110944120078
hours-per-week,0.025236258597805917
capital-loss,0.02923332409151135
relationship,0.04247629489343846
marital-status,0.047030529515574036
age,0.05188873155143162
education-num,0.057925774847336506
capital-gain,0.11735571529372917
