feature,mean_importance
education,0.0006564895034927631
native-country,0.0009547056455097236
sex,0.0013391729832024414
race,0.0014044388318713685
workclass,0.0032970642102002957
fnlwgt,0.004500521834997329
occupation,0.0111098466888661
capital-loss,0.02455546204526
hours-per-week,0.026459550565063984
relationship,0.028501232550580492
education-num,0.05506377979462211
age,0.05931226350786943
marital-status,0.06061932292633948
capital-gain,0.11413877183183245
