feature,shap_importance
marital-status,0.8210912193644108
relationship,0.5245713886679272
education-num,0.5201261105923973
age,0.47414683979191175
capital-gain,0.37756692962737587
hours-per-week,0.314244237347024
occupation,0.18830013076684746
capital-loss,0.13591688659011691
fnlwgt,0.12275093069042566
sex,0.08352031892934199
workclass,0.05906118788622524
education,0.05482414666341071
race,0.020960992441049067
native-country,0.01846511009239184
