feature,shap_importance
marital-status,0.7896235394486436
education-num,0.5443998803503405
relationship,0.5264210495750171
age,0.47788226515732507
capital-gain,0.3635512497719885
hours-per-week,0.30735371167942477
occupation,0.2084095026235494
fnlwgt,0.120233081686237
capital-loss,0.11681515269361306
sex,0.0802741596609345
education,0.058549111278785364
workclass,0.05657333813515039
race,0.037325123225048454
native-country,0.019323803817761345
