feature,shap_importance
marital-status,0.9182899714477412
education-num,0.5097996345739119
age,0.4620510071411203
relationship,0.4132500497997219
capital-gain,0.4093325500972465
hours-per-week,0.33163381839586675
occupation,0.19343810835177638
fnlwgt,0.12547311536724473
capital-loss,0.12302623398631442
sex,0.06731811377815405
education,0.05698147487525922
workclass,0.05661471459690288
race,0.025781071198819363
native-country,0.01597536165173216
