feature,mean_importance
education,-0.002329834966127564
fnlwgt,-0.0005398109487913083
native-country,-4.551645596019282e-05
race,0.0010819717222619763
sex,0.0013704873357456293
workclass,0.0019970015919001604
occupation,0.008802311241603477
hours-per-week,0.02406350750966496
capital-loss,0.02548974907305258
relationship,0.037191676818416154
marital-status,0.0374363281729677
education-num,0.056309101791391314
age,0.05632310329217545
capital-gain,0.10800882265314274
