feature,shap_importance
marital-status,0.7485525693929524
relationship,0.5925771061993319
education-num,0.5209180012915381
age,0.49405164825262543
capital-gain,0.40263758034175157
hours-per-week,0.29711632973991703
occupation,0.1769484967375096
capital-loss,0.13655099815509802
fnlwgt,0.12479540282011431
sex,0.06866203014310983
workclass,0.060640532214676884
education,0.05665760619249875
race,0.02954929953847423
native-country,0.018816033777492993
