feature,shap_importance
marital-status,0.7131289184908433
relationship,0.6226730691456485
education-num,0.5251510863308074
age,0.4854342836830571
capital-gain,0.3653832302961824
hours-per-week,0.31408050374311225
occupation,0.18788033712913885
capital-loss,0.13938805479875008
fnlwgt,0.12569384340759426
sex,0.08303091298905019
education,0.06617676662076691
workclass,0.055051525756890526
race,0.04153054049459097
native-country,0.020184571201541754
