feature,mean_importance
education,-0.00016020949546805552
race,0.0006774372198873557
sex,0.001382081719798045
native-country,0.0014280209527239407
fnlwgt,0.0019167426706945157
workclass,0.0038797595145347195
occupation,0.013808530403052655
relationship,0.01819033123520759
hours-per-week,0.02336525713194564
capital-loss,0.03035664875894468
education-num,0.05437410066266063
age,0.06075122771349922
marital-status,0.07410563268887747
capital-gain,0.11061312564618797
