feature,mean_importance
fnlwgt,-0.0019601504503206414
education,-0.0013651827954088368
race,0.00037767443926546297
native-country,0.0008182393920450947
sex,0.002130242502822355
workclass,0.0022089348281080666
occupation,0.010299604637588111
hours-per-week,0.01937967638390753
capital-loss,0.026152271611157362
relationship,0.033381039235739464
age,0.045784655372511494
education-num,0.04826847161833697
marital-status,0.05481688891091023
capital-gain,0.11540755247301016
