feature,mean_importance
workclass,0.0
education,0.0
marital-status,0.0
race,0.0
native-country,0.0
fnlwgt,6.804879344768366e-05
sex,0.0016748706672234381
occupation,0.0028738391984919785
hours-per-week,0.009206332999679778
capital-loss,0.009460788518245911
age,0.014990558362942597
education-num,0.047743761680547184
capital-gain,0.06191517776524126
relationship,0.12289740888652183
