feature,mean_importance
workclass,0.0
education,0.0
marital-status,0.0
race,0.0
sex,0.0
native-country,0.0
fnlwgt,6.086495364659994e-05
occupation,0.004978813272737481
capital-loss,0.007331083661827864
hours-per-week,0.008616429493642597
age,0.012000451968399228
education-num,0.04345471558915811
capital-gain,0.06538904989312613
relationship,0.11663021553653256
