feature,mean_importance
workclass,0.0
education,0.0
marital-status,0.0
race,0.0
native-country,0.0
fnlwgt,0.0003219892622125742
sex,0.0008203892271395063
occupation,0.0032527712368434656
capital-loss,0.007528619284457039
hours-per-week,0.009684572306296279
age,0.016724189519140432
education-num,0.04970917689622064
capital-gain,0.06041597414804102
relationship,0.1177510489907863
