feature,mean_importance
workclass,0.0
education,0.0
marital-status,0.0
race,0.0
native-country,0.0
fnlwgt,2.343119761413215e-05
sex,0.0005245046645679819
occupation,0.006648128388467589
capital-loss,0.007990523221527213
hours-per-week,0.010280924724310525
age,0.017505840802923344
education-num,0.04541892828992
capital-gain,0.0696900591704244
relationship,0.12112388001919308
