feature,mean_importance
workclass,0.0
education,0.0
marital-status,0.0
race,0.0
native-country,0.0
fnlwgt,9.812495322002457e-05
sex,0.0008330008612890683
capital-loss,0.008409630535743406
hours-per-week,0.008431509036287088
occupation,0.009843696210246878
age,0.012939431559182712
education-num,0.033762874705171086
capital-gain,0.06298514713883216
relationship,0.12486922819164348
