feature,mean_importance
race,0.0006420318681139347
native-country,0.0013071256188702195
education,0.0014275576759939512
fnlwgt,0.0015700431825283801
sex,0.002344932224295082
workclass,0.0024883678612659054
marital-status,0.012060383480762871
hours-per-week,0.016182534130524596
capital-loss,0.018807566593230296
occupation,0.01936984060595922
education-num,0.034341448556234555
age,0.03567350004989657
relationship,0.08947548037125617
capital-gain,0.10047558172648445
