feature,mean_importance
race,0.0004717679726818691
education,0.0006294517858850601
native-country,0.000871199006054979
fnlwgt,0.000984730837353076
workclass,0.0026346487860450353
sex,0.002961523411104283
marital-status,0.011659357853344997
occupation,0.014840095029225186
hours-per-week,0.016874537789091138
capital-loss,0.021097982170066233
age,0.033639659683383505
education-num,0.03370697739162911
relationship,0.09305968684916599
capital-gain,0.09812055212839489
