feature,mean_importance
race,0.0006801950141390623
fnlwgt,0.0009005049254913744
native-country,0.0011340222267852695
education,0.0019259824963542061
sex,0.0022750802830721504
workclass,0.002691078605092456
marital-status,0.008550139093008979
occupation,0.014145969073938558
hours-per-week,0.015647713716357738
capital-loss,0.020482935343240704
age,0.031513243925757016
education-num,0.03685074031625977
relationship,0.08927729273388998
capital-gain,0.09834117823833896
