feature,mean_importance
race,0.0005818691523945651
fnlwgt,0.0008897340287030708
native-country,0.0010500544408055367
education,0.001385606208925061
sex,0.0018472811345736529
workclass,0.0032186969278506393
marital-status,0.007497428718123778
occupation,0.01542202532885283
hours-per-week,0.017563660413394556
capital-loss,0.018362008790534658
education-num,0.03590306641515768
age,0.036335657971868794
relationship,0.09601851458034903
capital-gain,0.09701264510491447
