feature,mean_importance
race,0.0005774234827095936
native-country,0.0007268927377976575
fnlwgt,0.0007833109918497394
sex,0.0020609589929676984
education,0.0024458570775975352
workclass,0.003124916515506393
marital-status,0.010610278588418332
hours-per-week,0.01830257442770581
capital-loss,0.018883736606989176
occupation,0.02016502741032966
age,0.03447912432792385
education-num,0.04188927198577804
relationship,0.09040863510704536
capital-gain,0.10407050641697584
