feature,mean_importance
native-country,0.0005431684125950631
sex,0.0012415655929066904
race,0.001641189822528899
workclass,0.0021669882952565778
fnlwgt,0.0028173754066564416
education,0.007091304479352556
hours-per-week,0.01479624053634282
relationship,0.015354095591521255
education-num,0.018588649303508363
capital-loss,0.02007805991033288
occupation,0.024513457244911052
capital-gain,0.034257902347260796
age,0.05239366207382662
marital-status,0.07916546575006328
