feature,mean_importance
race,0.0013483883041962574
workclass,0.0024925405130027723
sex,0.0027221038608844727
fnlwgt,0.002899599927297947
native-country,0.003729967551691826
education,0.009032919880938472
relationship,0.012608486243278372
hours-per-week,0.016143815799642868
education-num,0.01788494744273774
occupation,0.02494971681663307
capital-loss,0.03435709693474478
capital-gain,0.06589380743312567
age,0.08817465839215131
marital-status,0.1072998147434185
