feature,shap_importance
marital-status,1.232533350507685
age,0.9273139615969426
hours-per-week,0.46942460106784434
education-num,0.39785393474017067
relationship,0.384702969705891
occupation,0.3600815451267441
fnlwgt,0.2953084951391747
capital-gain,0.2710075752114728
education,0.22346861326991818
sex,0.15018998979069248
capital-loss,0.14336311779340968
workclass,0.07830269200060888
native-country,0.0654249381657145
race,0.0444044767327182
