feature,shap_importance
marital-status,1.2589379091526594
age,1.0010907470232564
education-num,0.46208813356117423
occupation,0.4045539771452828
hours-per-week,0.3638572413631545
fnlwgt,0.31967687662235017
relationship,0.3135860605105647
capital-gain,0.2659218153004301
education,0.2651367246521802
capital-loss,0.2073741747182841
sex,0.10948970107952608
race,0.09098309240664329
native-country,0.07568243546586619
workclass,0.06440914973039376
