feature,mean_importance
fnlwgt,0.0005962909334580769
sex,0.0010467947988763936
race,0.0011145602159772672
workclass,0.003730127091414337
native-country,0.004377759073155729
education,0.0060297296595073656
relationship,0.01246909642188453
occupation,0.017615934152608113
education-num,0.02106809651571272
hours-per-week,0.026318438756766448
capital-loss,0.03305664670607964
capital-gain,0.06263885028976374
age,0.08708358480443598
marital-status,0.10523738085581591
