feature,mean_importance
fnlwgt,-0.0020902675406881286
race,0.0005089319384173008
native-country,0.0008561605677585681
sex,0.0013858277905019368
workclass,0.0022664679097625707
education,0.007889594935555888
relationship,0.013081418137610323
capital-loss,0.01851731847852871
occupation,0.0192583858748676
hours-per-week,0.019962830464476555
education-num,0.023838571098970918
capital-gain,0.06129412851008818
age,0.08943602918045795
marital-status,0.10090827419062745
