feature,shap_importance
marital-status,0.888351551134451
age,0.4649345366938578
occupation,0.31657558916949274
relationship,0.2997094416375008
education-num,0.26454997007085357
hours-per-week,0.2340959025618345
capital-gain,0.15456735943061006
education,0.14204562144059601
fnlwgt,0.12944406318604984
capital-loss,0.11297415012561046
sex,0.0563791454465065
workclass,0.031650311566561735
race,0.022994864989482933
native-country,0.02021262188797422
