feature,shap_importance
marital-status,1.1433219048884546
age,0.8816792126800805
relationship,0.46254300267018666
hours-per-week,0.4625123705654607
education-num,0.40830585508380607
occupation,0.40140608271678685
fnlwgt,0.2888110509356031
capital-gain,0.2765807868610859
education,0.21961475428630928
capital-loss,0.1400521574346903
sex,0.13516918201971478
race,0.10427982568147338
workclass,0.07379485474550507
native-country,0.04709071033714542
