feature,shap_importance
marital-status,1.1905170964458855
age,0.9054768332062967
occupation,0.4505633438971564
education-num,0.4049837455361968
relationship,0.39996950120618374
hours-per-week,0.36709926159125855
capital-gain,0.2938463603822347
fnlwgt,0.2887768902854854
education,0.2422644407453204
capital-loss,0.12957275960019624
race,0.08830919824066631
sex,0.07148946892619955
native-country,0.06773379784898378
workclass,0.06533295528091457
