feature,mean_importance
sex,0.0004630262353721326
fnlwgt,0.00047852820732818824
native-country,0.0013313698985719991
race,0.0015122031880229314
workclass,0.0026008116201209353
education,0.010847440869217129
occupation,0.02284692422809792
relationship,0.023724581998820125
capital-loss,0.025464269165080943
hours-per-week,0.026301400253954953
education-num,0.031048043823107017
capital-gain,0.06786991779298743
age,0.08131040935123231
marital-status,0.08635985313601878
