feature,mean_importance
fnlwgt,-0.0004557965691585508
native-country,0.0007285231453743046
race,0.0013028500113230867
sex,0.0017772065698379302
workclass,0.0021213132603221884
education,0.0035996762887800515
capital-loss,0.012023761933257448
occupation,0.012071284209978606
hours-per-week,0.01677447628996056
relationship,0.02211706191075784
age,0.03347607470018584
education-num,0.03492221564608187
marital-status,0.043444982634828114
capital-gain,0.04676152562779111
