feature,mean_importance
native-country,0.0002713619226776598
fnlwgt,0.00042362696899233
race,0.0010369699971034985
sex,0.0019425732661603524
workclass,0.0028140973527204906
education,0.0033582407317198303
capital-loss,0.01141264373866362
occupation,0.011516108329617369
hours-per-week,0.019619543059967447
relationship,0.021377449760577916
age,0.03765974219062499
education-num,0.03887395577506599
marital-status,0.04105327816438237
capital-gain,0.0489669170996845
