feature,mean_importance
native-country,0.0006617737084129605
fnlwgt,0.001383059785103702
workclass,0.0016036159481788493
race,0.0016053271512846301
sex,0.0024117331164024924
education,0.0036711848403490734
capital-loss,0.010863663169046633
occupation,0.013209714898123393
hours-per-week,0.017241556435379633
relationship,0.023574067199182036
age,0.03363740987540054
education-num,0.035542818766682596
marital-status,0.044279734121807454
capital-gain,0.04744341081401985
