feature,shap_importance
marital-status,0.4804542982217136
education-num,0.35514132213042066
age,0.30499897973979895
relationship,0.30161142055102547
hours-per-week,0.21225308936573012
capital-gain,0.16273092725686994
occupation,0.1472790189570696
education,0.08998882936616191
sex,0.0724125117120634
fnlwgt,0.05946627033452518
capital-loss,0.04749398147728869
race,0.039100847168829875
workclass,0.033101309695522066
native-country,0.011669533670818095
