feature,mean_importance
fnlwgt,-0.0007053992300623868
native-country,4.945405610634612e-06
race,0.0012875762277482217
workclass,0.0023883172087919347
sex,0.00266342332807904
education,0.0034918038028965313
capital-loss,0.012410386012618724
occupation,0.015932862977139105
hours-per-week,0.019108694169998452
relationship,0.025360673807987566
age,0.03415688919430444
education-num,0.039503155788645716
marital-status,0.04772747580587593
capital-gain,0.054014716627951376
