feature,shap_importance
marital-status,0.45858755272987617
education-num,0.3502959660762382
relationship,0.3178386380856107
age,0.29491765645046214
hours-per-week,0.20823529686183556
capital-gain,0.1999578576058307
occupation,0.14243179066965503
education,0.08541130030737216
sex,0.0700992247879981
fnlwgt,0.05888472814750744
capital-loss,0.05337479478963715
race,0.03946229235026311
workclass,0.037833792712829085
native-country,0.0129938117082553
