feature,mean_importance
native-country,0.0007425882472104517
race,0.0009664070558235039
fnlwgt,0.001014864799823778
sex,0.0022623499991661134
workclass,0.0029904484954002995
education,0.0038139195779201994
occupation,0.012828705370025128
capital-loss,0.012900541615894878
hours-per-week,0.018274331012584744
relationship,0.026024439614779526
age,0.03238964056528576
education-num,0.03417488948707124
marital-status,0.04555480545340708
capital-gain,0.051737286661944736
