feature,shap_importance
marital-status,0.48505093418229867
education-num,0.3606014779635655
relationship,0.32863173232731585
age,0.308197186152869
hours-per-week,0.2257459627162347
capital-gain,0.1793967478360395
occupation,0.16292280855546212
education,0.08990388434138426
sex,0.07855113464179171
fnlwgt,0.06749285847778894
capital-loss,0.058522221972907976
race,0.0536119738957564
workclass,0.03806871754652849
native-country,0.021489998050944197
