feature,shap_importance
marital-status,0.49679602047711807
education-num,0.35995652587260085
age,0.3316332457809457
relationship,0.32983362497256774
hours-per-week,0.232622531623788
capital-gain,0.19773293386027882
occupation,0.14964745655196415
education,0.09119250908075431
sex,0.07870327828329139
fnlwgt,0.06672437583889085
capital-loss,0.05574855200428337
race,0.042770926167732294
workclass,0.034296383583087356
native-country,0.015121866367186109
