feature,shap_importance
marital-status,0.4899601391747176
education-num,0.3575442462076861
relationship,0.3308755598511555
age,0.3200401723519208
hours-per-week,0.21836806419735993
capital-gain,0.18751032091165054
occupation,0.15642654746415438
education,0.08846431888195222
sex,0.07664598494061509
capital-loss,0.05997483790737763
fnlwgt,0.05757097217208607
race,0.04871074482431362
workclass,0.032845029020107816
native-country,0.021185868983975915
