feature,shap_importance
petal length (cm),5.608157634735107
petal width (cm),1.830522060394287
sepal length (cm),0.8177316188812256
sepal width (cm),0.4188958406448364
