feature,mean_importance
sepal width (cm),-0.00038376823067663436
sepal length (cm),0.004598548307138334
petal width (cm),0.15347861220293185
petal length (cm),1.6755321502685547
