feature,shap_importance
petal length (cm),5.6666460037231445
petal width (cm),2.1604199409484863
sepal length (cm),0.5082816481590271
sepal width (cm),0.3386736512184143
