feature,mean_importance
sepal length (cm),0.0021302531507831957
sepal width (cm),0.012263129316960214
petal width (cm),0.30073345631223025
petal length (cm),1.9459899856812424
