feature,shap_importance
relationship,0.12256064215164116
education-num,0.0773851751518483
capital-gain,0.05518953769255943
age,0.04366542887998233
hours-per-week,0.03483000066344792
marital-status,0.030912273719521394
capital-loss,0.01395071632849476
occupation,0.011977018642670739
fnlwgt,0.00823014341120281
education,0.006954506140442625
workclass,0.0044774316514763724
sex,0.003864059150600715
race,0.0019261103995989993
native-country,0.0006139761380084238
