feature,mean_importance
native-country,-0.0001452884809887256
race,0.0005027943787729416
sex,0.00120881555662955
fnlwgt,0.0013161089907429923
education,0.0015585245365996147
workclass,0.0022689600467479475
occupation,0.004537111940337657
marital-status,0.013072838312282575
capital-loss,0.014395539311376947
hours-per-week,0.026794066570355858
age,0.037669773931829645
education-num,0.061134385453826504
relationship,0.07590200387030026
capital-gain,0.13558481268747227
