feature,mean_importance
fnlwgt,-0.00018599996703199116
native-country,0.00015588066997478388
race,0.0003059678994687509
education,0.0014657079343280087
workclass,0.0016997798128120301
sex,0.001714253422077172
occupation,0.005051291911095579
marital-status,0.016733774945343772
capital-loss,0.017470655451905105
hours-per-week,0.023797674628932654
age,0.037976263057519145
education-num,0.05699502452070807
relationship,0.08024028548454962
capital-gain,0.13654087560671818
