feature,shap_importance
relationship,0.1269956988850006
education-num,0.08090089556646801
capital-gain,0.0515565443096145
age,0.04346150233697981
hours-per-week,0.031249043308268068
marital-status,0.029697634509021405
capital-loss,0.015796901201975085
occupation,0.0118675534902607
fnlwgt,0.008849376319140954
education,0.008485399289899732
workclass,0.005138877669089
sex,0.004420231204199617
race,0.0018656963721209116
native-country,0.0005461665401759871
