feature,mean_importance
native-country,7.772926493023746e-05
race,0.0005531373743321577
sex,0.0013212471111533897
education,0.0013689452388284894
workclass,0.0021789590394897364
fnlwgt,0.003885400661955396
occupation,0.004455813159370303
marital-status,0.01167538601278667
capital-loss,0.016476802809057188
hours-per-week,0.02239429038700099
age,0.045291989366813765
education-num,0.061105134840740816
relationship,0.07932688752514541
capital-gain,0.1375991289489368
