feature,shap_importance
relationship,0.11462462092227078
education-num,0.07816682535864167
capital-gain,0.05207041055069264
age,0.041245008536339535
marital-status,0.04036234086419514
hours-per-week,0.03229166038520369
capital-loss,0.01610745634702541
occupation,0.012894205880090048
fnlwgt,0.00835703345931646
education,0.00738308498278346
workclass,0.005794949021421459
sex,0.004017182699041487
race,0.0017625370402803966
native-country,0.0005822523583222794
