feature,shap_importance
relationship,0.11964922048427752
education-num,0.07658603532210081
capital-gain,0.05810370994254272
age,0.0425051937964971
marital-status,0.03656451520281971
hours-per-week,0.03205065004508585
capital-loss,0.015575499896487292
occupation,0.01214354450819419
education,0.00794871866440463
fnlwgt,0.0070356151797583465
workclass,0.004880592936056624
sex,0.0035958692929427822
race,0.001432613995215684
native-country,0.00046508843974414724
