feature,shap_importance
relationship,0.11580184786657097
education-num,0.07542163987809145
capital-gain,0.0589092284074425
age,0.042629809235084574
marital-status,0.03742966781787424
hours-per-week,0.03286768059190349
capital-loss,0.01411392336134664
occupation,0.013323185985815165
fnlwgt,0.007848663808768157
education,0.007639906950398967
workclass,0.004649416155329521
sex,0.0041003425178560825
race,0.0021750218722235088
native-country,0.0008135139239050623
