feature,mean_importance
native-country,-7.555358017108382e-05
education,0.0006095805007529043
race,0.0007787914218692849
fnlwgt,0.0008964158728495209
sex,0.0013027307187907344
workclass,0.002246675616409355
occupation,0.0061306713809934354
marital-status,0.009453684103251337
capital-loss,0.015410869829850326
hours-per-week,0.023486739093479238
age,0.04612216110620574
education-num,0.05995406653970901
relationship,0.09127863891635293
capital-gain,0.13831223717000088
