feature,mean_importance
native-country,-3.3084157501483966e-05
race,7.547828812561885e-05
education,0.0005655950799841158
fnlwgt,0.0016256614059724007
workclass,0.0020909919271544174
sex,0.0021710027405697383
occupation,0.006172035419822553
marital-status,0.012942869875221108
capital-loss,0.01700785431139179
hours-per-week,0.026450835439734623
age,0.049775324109590444
education-num,0.06617793243153233
relationship,0.09237858064542559
capital-gain,0.15051706133852946
