feature,mean_importance
education,0.0006240517263343626
fnlwgt,0.0008597809100126863
race,0.0010224855607651518
native-country,0.0011318338518663928
workclass,0.0027695421361934925
sex,0.003658902136737052
occupation,0.015171681140009729
hours-per-week,0.016850356467313553
relationship,0.018203170538409186
capital-loss,0.021365672943278412
age,0.03383541683454126
education-num,0.04294243376866008
marital-status,0.06750001270110258
capital-gain,0.09872091583774699
