feature,mean_importance
race,0.0006918385465696564
education,0.000844658282020827
native-country,0.0008545583851585214
fnlwgt,0.0010812047719051532
workclass,0.0032185046480433855
sex,0.0035896153221966374
occupation,0.015250051035146895
hours-per-week,0.01632659077977803
capital-loss,0.0207299893620031
marital-status,0.026618703796545573
education-num,0.03330746957316336
age,0.03448462988294697
relationship,0.05835869174748095
capital-gain,0.10061828343350403
