feature,mean_importance
native-country,0.0007015823370651985
race,0.0007019719406475388
fnlwgt,0.001221643713353615
workclass,0.0034347080028464426
sex,0.0035394671470802995
education,0.007986356476675883
hours-per-week,0.018990238425745255
capital-loss,0.019016134217383074
occupation,0.020618939730380027
relationship,0.023208907104812816
education-num,0.025898525625350034
age,0.036261879737700856
marital-status,0.059821809637645815
capital-gain,0.10323021731294435
