feature,mean_importance
race,0.0009540724938235989
native-country,0.0013103763144162173
education,0.001451397877265248
fnlwgt,0.0019006693306540812
sex,0.0029492770847980966
workclass,0.003109986183715141
hours-per-week,0.01668517567490916
capital-loss,0.019491751560962355
occupation,0.02102634213554764
relationship,0.028661601383157487
education-num,0.03738862089393404
age,0.03843796852752087
marital-status,0.047596275592868706
capital-gain,0.10170606346234076
