feature,mean_importance
fnlwgt,0.0007787348184017051
race,0.0008381730428007828
native-country,0.0009907130472123437
education,0.0010239562714160488
sex,0.0029544229781856444
workclass,0.003517840449406362
occupation,0.015304720855651276
capital-loss,0.01710072593827753
hours-per-week,0.017234483711977867
marital-status,0.018821121278025543
age,0.03583068156785142
education-num,0.0387912163958837
relationship,0.0558582166268621
capital-gain,0.09268477561105637
