feature,mean_importance
fnlwgt,-0.00010021691351909112
workclass,0.0
education,0.0
marital-status,0.0
occupation,0.0
race,0.0
sex,0.0
native-country,0.0
capital-loss,0.004509485702021809
age,0.01238103731803425
hours-per-week,0.014612049171567665
education-num,0.06913516752125742
relationship,0.2406573269706299
capital-gain,0.5742462770313929
