feature,shap_importance
relationship,0.17470879632568187
education-num,0.06815185026066042
capital-gain,0.05542213032268888
hours-per-week,0.022335839296094628
capital-loss,0.00539763574998259
age,0.0005444197739895322
fnlwgt,0.000274705764364397
workclass,0.0
education,0.0
marital-status,0.0
occupation,0.0
race,0.0
sex,0.0
native-country,0.0
