feature,mean_importance
hours-per-week,-0.0002531401483323981
workclass,0.0
fnlwgt,0.0
education,0.0
marital-status,0.0
occupation,0.0
race,0.0
sex,0.0
native-country,0.0
capital-loss,0.003831528739293999
age,0.012476458900341358
education-num,0.09032026309582702
relationship,0.25086295709763823
capital-gain,0.6504850950532729
