Learner 1,counter
0.0015604068634607724,1
0.0010210236502006477,1
0.0007398503937063872,1
0.0006887316290446587,1
0.0005801932090669926,1
9.926498150436558e-05,1
-9.421344562987598e-06,1
-9.265051208520168e-05,1
-0.00013639002592067407,1
-0.00015315091404632938,1
-0.0002645732590988992,1
