feature,mean_importance
sepal width (cm),6.369716129973335e-05
sepal length (cm),0.0702608775391911
petal width (cm),0.35686329270909795
petal length (cm),0.5259273774152213
