feature,shap_importance
petal length (cm),0.5862906296143052
petal width (cm),0.47371785301258235
sepal length (cm),0.13230211493544436
sepal width (cm),0.0029101291246402335
