feature,mean_importance
native-country,0.0007378527790613543
race,0.0014740527549678584
fnlwgt,0.0030516387385927215
sex,0.003197962965351453
workclass,0.0052701306028059116
education,0.0054711353299156775
marital-status,0.01570096998128483
capital-loss,0.019415929072297812
occupation,0.01983656267423225
hours-per-week,0.028255719590937246
education-num,0.05404646582629741
age,0.054460499018482746
relationship,0.07880713427671607
capital-gain,0.12434558239961262
