feature,shap_importance
relationship,0.662679135799408
age,0.6241863965988159
marital-status,0.5837398171424866
education-num,0.4866501986980438
capital-gain,0.3915375769138336
hours-per-week,0.3734457790851593
occupation,0.31800025701522827
fnlwgt,0.175624281167984
sex,0.16966122388839722
education,0.10592962056398392
capital-loss,0.10592210292816162
workclass,0.0995597094297409
race,0.08182837069034576
native-country,0.031199388206005096
