feature,mean_importance
native-country,0.00045619335945017435
race,0.0008476336260433648
education,0.0016322985754974595
fnlwgt,0.002547940533724946
workclass,0.003992296781837002
sex,0.007553550426726207
occupation,0.01333995690432994
capital-loss,0.017594294261219435
marital-status,0.018656589462513983
hours-per-week,0.02345578101868121
relationship,0.04976515852867931
education-num,0.0531714762839661
age,0.058343290974884596
capital-gain,0.11908403040233748
