feature,shap_importance
relationship,0.7352474927902222
age,0.6818591356277466
education-num,0.5494790077209473
marital-status,0.5365599989891052
capital-gain,0.4328780770301819
hours-per-week,0.36914917826652527
occupation,0.25030583143234253
sex,0.23568475246429443
fnlwgt,0.145115926861763
capital-loss,0.12134687602519989
workclass,0.08994394540786743
race,0.07529046386480331
education,0.06587996333837509
native-country,0.047328341752290726
