feature,mean_importance
native-country,0.0002953773612268118
fnlwgt,0.000683825526957349
race,0.0017912824950741314
workclass,0.0032699719085526715
sex,0.003598139172650827
education,0.004017044757517419
occupation,0.017812103041376436
capital-loss,0.01843469459038143
marital-status,0.02003513772490122
hours-per-week,0.022707907558683193
education-num,0.030160521963403596
age,0.046904303001579196
relationship,0.05316856310505251
capital-gain,0.11202394406528375
