feature,shap_importance
relationship,0.8651833534240723
age,0.6465049386024475
education-num,0.4598371386528015
capital-gain,0.4063863456249237
marital-status,0.3945777416229248
hours-per-week,0.3902457654476166
occupation,0.28778767585754395
sex,0.18685202300548553
fnlwgt,0.16474345326423645
education,0.14979057013988495
capital-loss,0.1312502920627594
workclass,0.08132125437259674
race,0.05233916640281677
native-country,0.04545636475086212
