feature,mean_importance
race,0.0008581490927925372
fnlwgt,0.0010482417272824284
native-country,0.0015317083951752353
education,0.0024646486098927833
workclass,0.00401548364705413
sex,0.005728329327951231
marital-status,0.012321750511681318
occupation,0.015913044545368137
capital-loss,0.019871486739912746
hours-per-week,0.02118620191678413
education-num,0.03267702306841318
age,0.052174838821767565
relationship,0.07134938250130356
capital-gain,0.12185744938646943
