feature,shap_importance
relationship,0.8793360590934753
age,0.6053667068481445
education-num,0.5488091707229614
marital-status,0.4501115083694458
hours-per-week,0.4191565215587616
capital-gain,0.4050348103046417
occupation,0.3003644645214081
fnlwgt,0.21427924931049347
capital-loss,0.12158045917749405
sex,0.11505760997533798
education,0.10761386156082153
workclass,0.09654504060745239
race,0.06299810111522675
native-country,0.02357848733663559
