feature,shap_importance
relationship,0.8012473583221436
age,0.6187693476676941
marital-status,0.5284970998764038
education-num,0.4302733838558197
occupation,0.3746981620788574
capital-gain,0.36769017577171326
hours-per-week,0.3361479938030243
sex,0.22336481511592865
fnlwgt,0.16051402688026428
education,0.12488938122987747
capital-loss,0.11186147481203079
workclass,0.07370267063379288
race,0.06026434525847435
native-country,0.021097788587212563
