feature,mean_importance
native-country,0.00041312740049987974
fnlwgt,0.0010178680487295643
race,0.0012058118686562147
education,0.0022711523147892153
sex,0.0046214510679851275
workclass,0.004783541165852345
occupation,0.015891104402611756
capital-loss,0.018917784782655968
hours-per-week,0.022427986871587934
marital-status,0.029022040243022396
education-num,0.03358064806420798
relationship,0.04577828107564256
age,0.05217502031810571
capital-gain,0.12288251298581707
