feature,shap_importance
marital-status,0.8062720464910219
age,0.7835787282732892
capital-gain,0.5273111545201035
relationship,0.44416529295822404
hours-per-week,0.4385479278679276
education-num,0.35640073286144053
occupation,0.25980204307538957
sex,0.18255284489770868
education,0.16086464288716626
capital-loss,0.15464797348994608
fnlwgt,0.1307567034394421
race,0.07641240268015578
workclass,0.05808516519443941
native-country,0.0326658461853814
