feature,shap_importance
age,0.8096304526354962
marital-status,0.7677121861223923
relationship,0.5430843916497774
capital-gain,0.5292683727738394
education-num,0.4317138657898358
hours-per-week,0.35926029023642586
occupation,0.2449590016005165
capital-loss,0.13065046986547418
education,0.12957624076114985
fnlwgt,0.11909506913184748
sex,0.09495212176040024
race,0.06841421502991661
workclass,0.06695443987644498
native-country,0.026712572725465834
