feature,shap_importance
age,0.8216217258745226
marital-status,0.7254638609755288
relationship,0.524338157285795
capital-gain,0.48492221705741323
hours-per-week,0.3878157639487141
education-num,0.36546231636996285
occupation,0.26225112058130184
sex,0.21309002012709077
capital-loss,0.17002051697847081
education,0.14978363222265348
fnlwgt,0.11566553089167537
race,0.06708754065416149
workclass,0.06569183180847607
native-country,0.028194341167317165
