feature,shap_importance
marital-status,0.8107035555826192
age,0.7849738333512267
capital-gain,0.5128799432425136
relationship,0.5061362764157965
education-num,0.42398014991487576
hours-per-week,0.3775227619610625
occupation,0.22163122432917415
capital-loss,0.16674318428478394
education,0.16635903380915174
sex,0.16349304162179387
fnlwgt,0.09024604433346917
workclass,0.08223301606869264
race,0.0694552511972791
native-country,0.04943648683995753
