feature,mean_importance
native-country,0.0005826663014146139
race,0.0013222199287660664
fnlwgt,0.0015167434861137474
workclass,0.0017475307330581335
sex,0.0031900040894319416
education,0.004515185557254542
occupation,0.015028581452555024
hours-per-week,0.019804226788546632
relationship,0.024795338594667295
education-num,0.026259973701408902
capital-loss,0.02741811469115697
marital-status,0.053151491215567524
age,0.061947712077341344
capital-gain,0.1450554345456309
