feature,mean_importance
native-country,0.000828876396709255
fnlwgt,0.0021612529180764727
race,0.0024435051087330463
sex,0.0036462788593186303
workclass,0.003647920964789886
education,0.004635833591381167
occupation,0.015438170359863324
capital-loss,0.0225508582243897
hours-per-week,0.024455646432132005
education-num,0.02829916081605708
relationship,0.031024497552468742
marital-status,0.04116067401217692
age,0.07340407137525463
capital-gain,0.1474328600555337
