feature,mean_importance
fnlwgt,0.0004784307571603974
native-country,0.0005045095838823177
race,0.0006967560250314864
workclass,0.004372989979696229
sex,0.005007179486778102
education,0.005250698250329544
occupation,0.013307961444245897
hours-per-week,0.020050407462760534
education-num,0.02396439635195381
capital-loss,0.029601798814823787
relationship,0.03466705172064064
marital-status,0.05021104469899801
age,0.06949103047604313
capital-gain,0.1432536179979209
