feature,shap_importance
age,0.8569484889905713
marital-status,0.7472213471607941
capital-gain,0.5919702331625759
relationship,0.5430497790736862
hours-per-week,0.42208243251579236
education-num,0.4186843250876256
occupation,0.25281738328101905
sex,0.17267277881783363
capital-loss,0.13764185337333454
education,0.1357534567333051
fnlwgt,0.11758146565119995
native-country,0.08910189641666978
race,0.07563970021696051
workclass,0.06714972090643682
