feature,mean_importance
fnlwgt,-0.0002154928804803613
native-country,0.0010481597448571134
race,0.0015292528659121341
sex,0.002770155134385122
workclass,0.0040220598303298384
education,0.007658069426541725
occupation,0.01620299902108967
hours-per-week,0.023464329899391866
capital-loss,0.026834326165875288
relationship,0.03568353919114161
education-num,0.03738070594764302
marital-status,0.05211499421003193
age,0.07772637134808535
capital-gain,0.1549295201892272
