feature,mean_importance
fnlwgt,-0.00020735574910332177
native-country,0.0007858340759590466
race,0.001673335600668635
sex,0.0028048532498547996
workclass,0.0034391509244316885
education,0.005259328062072755
occupation,0.012147964641770048
relationship,0.022008645210903212
hours-per-week,0.024211302499969743
capital-loss,0.02619747722620839
education-num,0.027501814918548473
marital-status,0.05542483479355946
age,0.0724613801678588
capital-gain,0.13225017861427918
