feature,mean_importance
race,0.0008499878506370462
fnlwgt,0.0008925391658512582
native-country,0.0011098196790630065
education,0.0017833786048322086
workclass,0.0025123072480310203
sex,0.002990658500678145
marital-status,0.01146102559768578
occupation,0.014170850416485081
hours-per-week,0.014720530431089817
capital-loss,0.02024381560660976
age,0.033874863906255416
education-num,0.0364597774204478
relationship,0.07507603895042166
capital-gain,0.09531568948505986
