feature,mean_importance
education,0.00010102992884813977
race,0.0005609097609749703
native-country,0.001070574874362662
fnlwgt,0.001153178686951517
sex,0.0022269955411179376
workclass,0.0027541030761608076
occupation,0.014853105724359772
hours-per-week,0.015483030435161272
capital-loss,0.020554313963309766
age,0.034951032289122906
education-num,0.03651771913472773
relationship,0.04080385068658828
marital-status,0.04103336385387637
capital-gain,0.09689284495235964
