feature,mean_importance
race,0.0005880255358141518
native-country,0.0006134649304811113
fnlwgt,0.0007014615574392313
sex,0.002281658746180837
education,0.002559393548658262
workclass,0.0030005056429524223
marital-status,0.016087357227735223
hours-per-week,0.017494283002698396
capital-loss,0.018448404215261494
occupation,0.020917933416415145
age,0.034087006796544826
education-num,0.041663337718558
relationship,0.06963408878216736
capital-gain,0.10306111187409939
