feature,mean_importance
race,0.0006174267715214898
fnlwgt,0.0013572086019278506
native-country,0.0014139739975300158
education,0.002221109376986241
sex,0.002404830019761417
workclass,0.0024935061266319726
marital-status,0.014386195117123102
hours-per-week,0.015901937770478415
capital-loss,0.018149235423595134
occupation,0.01899798250302829
education-num,0.03245177946358561
age,0.03474564018711399
relationship,0.07178886255413926
capital-gain,0.09570642041861929
