feature,mean_importance
race,0.0004891408975712386
native-country,0.0010145553455727652
fnlwgt,0.001061842420823933
education,0.0011836486078164899
sex,0.0025943722755385036
workclass,0.003223032609442045
occupation,0.014928108060641621
capital-loss,0.017311574063390144
hours-per-week,0.017517657379947805
marital-status,0.01836239153857825
age,0.03551487681363391
education-num,0.0389912742252018
relationship,0.05378443891790992
capital-gain,0.09535142373495295
