feature,mean_importance
race,0.001101100127223198
native-country,0.0012308705218213479
education,0.001539257349708778
fnlwgt,0.0017577664738972708
sex,0.0024730788487919986
workclass,0.004431816372429653
marital-status,0.018374894252285622
hours-per-week,0.02063832250128069
occupation,0.02324856598917374
capital-loss,0.027050025325777327
age,0.04070202254356124
education-num,0.051828555188812075
relationship,0.08650781592573543
capital-gain,0.12862053216908664
