feature,mean_importance
native-country,0.0013693802021381596
race,0.0014046601849633578
education,0.0015262010850101925
fnlwgt,0.0015723714861338057
sex,0.0031028891998035823
workclass,0.005116599572948566
marital-status,0.010490675909949454
occupation,0.019121895884108564
hours-per-week,0.01985271878117356
capital-loss,0.025918017048705545
age,0.04460718612214039
education-num,0.04539285040037794
relationship,0.07878793362086714
capital-gain,0.12472800927478493
