feature,mean_importance
education,-1.4251720661229151e-05
race,0.001159311465056312
native-country,0.0014296652054786474
fnlwgt,0.002678643877239595
workclass,0.0028930063616560697
sex,0.004235766846056621
marital-status,0.014667910559500775
occupation,0.018524685127017125
hours-per-week,0.021435175278399842
capital-loss,0.030825755448948056
education-num,0.041434027293274486
age,0.045716311497958684
relationship,0.07134702287908247
capital-gain,0.12187018426570781
