feature,mean_importance
race,0.0008076312286580233
native-country,0.0009026695511482497
fnlwgt,0.0020550221825458514
education,0.002382502806299014
workclass,0.0026224201543581516
sex,0.003957090011970854
hours-per-week,0.019121580712058515
marital-status,0.020142952013423254
occupation,0.022189659755190216
capital-loss,0.02555930925796083
education-num,0.036361714449656635
age,0.046077111398603265
relationship,0.08739409328621997
capital-gain,0.12512281940722786
