feature,mean_importance
education,-0.0007587366245231486
native-country,0.0008212946325850346
fnlwgt,0.001475105672431931
race,0.0015117220521459473
sex,0.0025055623026780218
workclass,0.0037440814617477726
marital-status,0.017540605314567737
occupation,0.018167083726352496
hours-per-week,0.02052698248635505
capital-loss,0.026399989375989752
education-num,0.03496073724264813
age,0.04071423227144696
relationship,0.08685908862520289
capital-gain,0.11794746397021301
