feature,shap_importance
relationship,0.6587699055671692
age,0.6298916339874268
marital-status,0.5410030484199524
education-num,0.5176225304603577
capital-gain,0.36882901191711426
hours-per-week,0.3295970559120178
occupation,0.2548755407333374
capital-loss,0.1329728215932846
sex,0.10956777632236481
fnlwgt,0.08548373728990555
race,0.07012790441513062
workclass,0.05781397223472595
education,0.029741523787379265
native-country,0.0230104960501194
