feature,shap_importance
relationship,0.6949954628944397
age,0.6746718287467957
marital-status,0.5626561641693115
education-num,0.503372848033905
capital-gain,0.41433969140052795
hours-per-week,0.32690298557281494
occupation,0.22488164901733398
capital-loss,0.13166369497776031
sex,0.09664176404476166
fnlwgt,0.08936461061239243
race,0.057289160788059235
workclass,0.05492328852415085
education,0.02786744385957718
native-country,0.022837340831756592
