feature,shap_importance
relationship,0.6826654672622681
age,0.6401161551475525
marital-status,0.5257539749145508
education-num,0.5096437931060791
hours-per-week,0.37064942717552185
capital-gain,0.3691502809524536
occupation,0.2327713966369629
capital-loss,0.1060483530163765
sex,0.10180850327014923
fnlwgt,0.0921391174197197
workclass,0.045859821140766144
race,0.03713467717170715
education,0.03617822751402855
native-country,0.010228404775261879
