feature,shap_importance
age,0.6958442330360413
relationship,0.6362838745117188
marital-status,0.603804349899292
education-num,0.5289419889450073
capital-gain,0.3944588005542755
hours-per-week,0.3797709345817566
occupation,0.22572636604309082
capital-loss,0.12037712335586548
sex,0.09613755345344543
fnlwgt,0.08537890762090683
race,0.05697334185242653
workclass,0.05211593210697174
education,0.03707065060734749
native-country,0.01895790733397007
