feature,mean_importance
native-country,0.0004905954001501733
education,0.0005168590625308167
race,0.0014652488086928429
fnlwgt,0.0016435270913900736
workclass,0.002671536736343605
sex,0.002820629966923427
occupation,0.014133858012843014
marital-status,0.020433333443270828
capital-loss,0.02235519959837341
hours-per-week,0.022365700423526647
education-num,0.05089663176860565
relationship,0.057994863165762786
age,0.05925674823255567
capital-gain,0.14439757024774805
