feature,shap_importance
relationship,0.7140733599662781
age,0.6406838297843933
marital-status,0.5033824443817139
education-num,0.5011745095252991
capital-gain,0.4229879379272461
hours-per-week,0.34069472551345825
occupation,0.2370687574148178
capital-loss,0.13422131538391113
sex,0.12468762695789337
fnlwgt,0.07889308035373688
workclass,0.05093677341938019
race,0.04211321100592613
education,0.03161564841866493
native-country,0.01797037199139595
