feature,mean_importance
education,-0.0005894651689829167
native-country,0.00023415787599089243
fnlwgt,0.00038151156647492357
race,0.001188056021050632
sex,0.0028400318860400176
workclass,0.004172717215393418
occupation,0.013970728062096371
capital-loss,0.024027820893869657
hours-per-week,0.024851072703649245
marital-status,0.03056254349162285
relationship,0.05200035810219539
education-num,0.06133979417002359
age,0.06463107833245632
capital-gain,0.13880881178514887
