feature,mean_importance
native-country,-0.00038033798555552333
education,0.00025611524446907954
fnlwgt,0.0005086694417740012
race,0.001299821779883359
sex,0.002220186574657157
workclass,0.002354888926257237
occupation,0.011900230289013524
marital-status,0.021329030141904515
capital-loss,0.02301686468595544
hours-per-week,0.023644263948565825
relationship,0.05077327572121596
education-num,0.05524948767248174
age,0.06726674573936661
capital-gain,0.1282432133764368
