feature,mean_importance
fnlwgt,-0.00016299574737815847
native-country,0.0006076234199652641
education,0.0006608534314121673
race,0.0007698185056950191
sex,0.0022328510923438905
workclass,0.0025913168175388133
occupation,0.011060822093621336
hours-per-week,0.021221841922164576
marital-status,0.022408390245179145
capital-loss,0.02511394013538768
relationship,0.053913246084814834
education-num,0.05503990411425712
age,0.06374303428852132
capital-gain,0.12705992014558257
