feature,mean_importance
native-country,0.00017145973541569104
education,0.0003446584951426024
race,0.0010005646116495904
fnlwgt,0.0010511084747217958
workclass,0.0029116016393491593
sex,0.003497471645944905
occupation,0.013550846631080249
hours-per-week,0.020015096265989497
capital-loss,0.023735754471730375
marital-status,0.025441507108401006
education-num,0.048043760752322286
relationship,0.05715841258713592
age,0.061057791280589524
capital-gain,0.13508539381702284
