feature,mean_importance
fnlwgt,-0.0011923800588294453
native-country,0.00024054232939153543
race,0.00024774586045689384
education,0.0017937178852634906
sex,0.0018210177949873451
workclass,0.0018688427284956899
occupation,0.004750607329117251
marital-status,0.01730936687762309
capital-loss,0.01777863988161803
hours-per-week,0.02956356191837719
age,0.036908442504091796
education-num,0.05345734059506461
relationship,0.08133342612345865
capital-gain,0.13997085405179255
