feature,shap_importance
relationship,0.1146760245201644
education-num,0.07885462143609864
capital-gain,0.051723406591582165
age,0.042530904547161484
marital-status,0.036265756850080495
hours-per-week,0.03227730077893594
capital-loss,0.016717778402774244
occupation,0.012948060637014125
education,0.009429715756058043
fnlwgt,0.008295884700511558
workclass,0.005025772797745247
sex,0.0044655337322264035
race,0.002011657476654362
native-country,0.0009280921272359161
