feature,mean_importance
native-country,1.5577232820573882e-05
race,0.00023670163536378963
fnlwgt,0.0011608209930891954
education,0.001271583218132011
workclass,0.002060672379635953
sex,0.002202104588462828
occupation,0.006447225004022594
capital-loss,0.01641456497195437
marital-status,0.019744008281515533
hours-per-week,0.024978015697860532
age,0.03923860264159783
education-num,0.0627538266879306
relationship,0.0763012259563867
capital-gain,0.1448261015790008
