feature,shap_importance
relationship,0.11697658231894022
education-num,0.07625763467588573
capital-gain,0.055098085117337166
age,0.044932916451916494
marital-status,0.03826889624739598
hours-per-week,0.03237772533675546
capital-loss,0.015104365813894951
occupation,0.014797623567395429
education,0.008245690723179145
fnlwgt,0.007958834269057122
workclass,0.004786240554906485
sex,0.004650275174951665
race,0.0023508017678694317
native-country,0.0010037279488578172
