feature,shap_importance
relationship,0.11681423052172947
education-num,0.07708860184850369
capital-gain,0.05451044317088789
age,0.04380263656414898
marital-status,0.037869557074041424
hours-per-week,0.03185305345851222
capital-loss,0.014499893741736406
occupation,0.012375817930254319
education,0.009358218227975114
fnlwgt,0.008892112717261508
workclass,0.0049250918647801845
sex,0.004172933313767781
race,0.0020136357277024384
native-country,0.0007395281788963782
