feature,shap_importance
relationship,0.10901030762068577
education-num,0.07759427470337084
capital-gain,0.05220140360174596
age,0.04432279906508115
marital-status,0.04178459616445482
hours-per-week,0.03528265933495595
capital-loss,0.013490003485602824
occupation,0.012479038535609424
education,0.008058652796641586
fnlwgt,0.007917719827352511
workclass,0.004521511365615634
sex,0.00440967946819609
race,0.002382049069395525
native-country,0.0009461480605807877
