feature,mean_importance
native-country,-8.629270532156674e-05
race,0.0006438387229132037
education,0.001213929398502056
sex,0.0013012098200784084
fnlwgt,0.0033468254989711286
occupation,0.0053973418416167875
workclass,0.006287003659047696
marital-status,0.013413985146123863
capital-loss,0.014196767509773
hours-per-week,0.026536623707087814
age,0.038090284314545676
education-num,0.060085657811833115
relationship,0.07476199818093483
capital-gain,0.12074511202598304
