feature,shap_importance
relationship,0.11322233917870236
education-num,0.07841666739111085
capital-gain,0.049575962668090924
age,0.04405237423008519
marital-status,0.03976674059942074
hours-per-week,0.034473149819222816
occupation,0.013881714046607487
capital-loss,0.013813741976098916
education,0.008859040913938094
fnlwgt,0.008286724253265211
workclass,0.0053785531126959085
sex,0.0037820843887165774
race,0.0016459543554937478
native-country,0.000546507533058708
