feature,mean_importance
race,0.0004659331302017011
fnlwgt,0.000909946088547231
education,0.0013866832435929012
sex,0.0014795272519719238
workclass,0.00212276262735821
native-country,0.004403894351065018
occupation,0.007415203328468933
marital-status,0.014336080569300812
capital-loss,0.016639611881330806
hours-per-week,0.021366701188828052
age,0.043872643148910075
education-num,0.059752877953581994
relationship,0.07344208211822337
capital-gain,0.1304815514065576
