feature,mean_importance
native-country,6.377205101233407e-05
fnlwgt,0.0006103048627194796
race,0.0007998165048422878
sex,0.0011533809449626232
education,0.001350503042077522
workclass,0.0054908820148373725
occupation,0.00562533693346019
marital-status,0.014988044418420231
capital-loss,0.015798284800028373
hours-per-week,0.023838212479999465
age,0.042111841347524125
education-num,0.05924188005847094
relationship,0.07760023043426031
capital-gain,0.13323936639788186
