feature,mean_importance
native-country,0.0003555481488181633
fnlwgt,0.0005638422207052907
race,0.0013298063682061323
workclass,0.002628998867056731
education,0.00396418935833035
sex,0.007036188728882553
occupation,0.017122226491434977
hours-per-week,0.018557001773734472
capital-loss,0.028912281397717798
relationship,0.03376307727771364
education-num,0.03877449746199131
marital-status,0.048573140319897054
age,0.05052786907328242
capital-gain,0.12826342595070997
