feature,mean_importance
fnlwgt,-0.00027052063275160296
race,0.0007902593149177961
native-country,0.0009440986660068318
workclass,0.0020229722452762334
education,0.0020592469932263157
sex,0.005533107464274401
occupation,0.013848856203020432
hours-per-week,0.016563933068853474
relationship,0.02482448407247253
capital-loss,0.03113092535710691
education-num,0.03257086445828193
age,0.04510647608476458
marital-status,0.04689019390426006
capital-gain,0.1164397997133031
