feature,mean_importance
native-country,-0.0006206881893998761
fnlwgt,0.0014701735752223443
race,0.0015570885228421982
workclass,0.002623766959784535
education,0.002746738967503504
sex,0.006540922057821008
occupation,0.014642080748311137
hours-per-week,0.019187326634928347
relationship,0.027672806513153337
capital-loss,0.028010941960875436
education-num,0.032953345649101184
marital-status,0.038241888027312584
age,0.046335059232837816
capital-gain,0.11393116159282121
