feature,shap_importance
marital-status,0.7482948899269104
age,0.6323345899581909
capital-gain,0.5026832818984985
relationship,0.4802166223526001
education-num,0.44534704089164734
hours-per-week,0.3356970548629761
occupation,0.28365427255630493
sex,0.19979184865951538
capital-loss,0.15743446350097656
fnlwgt,0.10933815687894821
education,0.09217499941587448
race,0.06496312469244003
workclass,0.05040756240487099
native-country,0.023573022335767746
