feature,mean_importance
native-country,0.0004606448630603777
race,0.0013457945574152474
education,0.0014610834099213932
fnlwgt,0.0016004514448397012
workclass,0.0019302662011237536
sex,0.0056463869764615485
occupation,0.015565795892073164
hours-per-week,0.01630649720628726
relationship,0.025269819297429517
capital-loss,0.028985371716166452
education-num,0.030899187144880234
age,0.04593817994796066
marital-status,0.04643912565258738
capital-gain,0.1226015993141274
