feature,shap_importance
marital-status,0.7581170797348022
age,0.6193942427635193
relationship,0.4792247712612152
education-num,0.43305903673171997
capital-gain,0.42671436071395874
hours-per-week,0.32227781414985657
occupation,0.32108938694000244
sex,0.20132896304130554
capital-loss,0.1616690456867218
education,0.10287822037935257
fnlwgt,0.0926283597946167
workclass,0.04467519372701645
race,0.043899472802877426
native-country,0.024332351982593536
