feature,shap_importance
marital-status,0.7374610304832458
age,0.642963707447052
relationship,0.4580022692680359
capital-gain,0.45207807421684265
education-num,0.44637954235076904
hours-per-week,0.34959787130355835
occupation,0.3114371597766876
sex,0.2111574411392212
capital-loss,0.1560698300600052
education,0.09403233975172043
fnlwgt,0.08777620643377304
workclass,0.05260604992508888
race,0.05074908956885338
native-country,0.021463967859745026
