feature,shap_importance
marital-status,0.7226820588111877
age,0.6388787031173706
relationship,0.5088419318199158
education-num,0.4363020658493042
capital-gain,0.42750000953674316
hours-per-week,0.3264293372631073
occupation,0.29184961318969727
sex,0.2040455937385559
capital-loss,0.1640557497739792
fnlwgt,0.09005655348300934
education,0.08805890381336212
race,0.06258051842451096
workclass,0.061615996062755585
native-country,0.03325266018509865
