feature,shap_importance
marital-status,0.7240613698959351
age,0.6248093247413635
capital-gain,0.4941863417625427
relationship,0.4570647180080414
education-num,0.4358960688114166
hours-per-week,0.3347279727458954
occupation,0.29284778237342834
sex,0.20247647166252136
capital-loss,0.1411769539117813
fnlwgt,0.10440606623888016
education,0.09032972157001495
race,0.0680382177233696
workclass,0.05641956627368927
native-country,0.030753472819924355
