feature,mean_importance
native-country,0.0002733101409368111
race,0.0010441047441364204
fnlwgt,0.0018435454452054856
workclass,0.0023844368705106312
education,0.002641822669940885
sex,0.007354285761374623
occupation,0.013358388304337786
hours-per-week,0.01745630020569383
capital-loss,0.029040690661273884
relationship,0.029370918409508874
education-num,0.029467485380213654
age,0.047076253358063515
marital-status,0.0476112468171771
capital-gain,0.12404478587743659
