feature,mean_importance
native-country,0.00015232377447942368
education,0.0005673648333393788
race,0.0019066369214129852
fnlwgt,0.002971619344245835
sex,0.004139268237122962
workclass,0.004585333998616647
occupation,0.018112681018465214
hours-per-week,0.02460066575489369
capital-loss,0.026238034427145906
relationship,0.03463863370602775
marital-status,0.04436518821825031
education-num,0.05256770648208583
age,0.08583536361459486
capital-gain,0.17904504469234847
