feature,mean_importance
education,-0.00023176661903798746
native-country,0.0009531941492702089
fnlwgt,0.001288643656177957
race,0.0015783792283652898
workclass,0.003147872491657189
sex,0.004160005820540024
occupation,0.019999377424925503
hours-per-week,0.026919736897026047
capital-loss,0.029524744026110848
marital-status,0.03377293857899878
relationship,0.049039969834508854
education-num,0.06016381443935492
age,0.1003738134682612
capital-gain,0.18933363289469335
