feature,shap_importance
age,0.9087899105392963
marital-status,0.7704329871289974
capital-gain,0.618874768775623
relationship,0.5946215264895037
education-num,0.5214657202528595
hours-per-week,0.42577164378177684
occupation,0.28311813351689624
sex,0.18506014308976917
fnlwgt,0.15847446746549407
capital-loss,0.15786033529739574
education,0.08037119418722666
race,0.0717681404691455
workclass,0.06518051228856261
native-country,0.05574159925115192
