feature,mean_importance
education,-0.0005309674495138861
fnlwgt,5.758274389009443e-05
native-country,0.0004308500135535409
race,0.0008101475935528458
workclass,0.0030193703281049533
sex,0.0034783173132875932
occupation,0.01588225545842805
relationship,0.025347209810737605
hours-per-week,0.025866256310579594
capital-loss,0.030819827546874623
education-num,0.051699903184971883
marital-status,0.05291305063811791
age,0.08936156213040905
capital-gain,0.1616828436247828
