feature,shap_importance
age,0.9063595905512156
marital-status,0.7116795267546188
capital-gain,0.5962199962787155
relationship,0.5550568729945694
education-num,0.528630743775259
hours-per-week,0.37290492224106847
occupation,0.2687556837215488
sex,0.20777120144351716
capital-loss,0.14838756305966663
fnlwgt,0.1168417576114025
workclass,0.06167518938754846
race,0.04980434237130556
education,0.03780128555767572
native-country,0.02741012762524776
