feature,shap_importance
age,1.0021321530486744
relationship,0.6703750773252252
marital-status,0.6363634701773041
capital-gain,0.5932988264595744
education-num,0.47735594748929383
hours-per-week,0.40782687515102084
occupation,0.254679992383175
sex,0.16540318558957418
capital-loss,0.13521665657072357
fnlwgt,0.13433112818082155
workclass,0.07487714161830256
race,0.06897554868703494
education,0.04142098802154953
native-country,0.02986344000482272
