feature,shap_importance
age,0.9283951830638325
marital-status,0.6502916615430676
capital-gain,0.6235430135291454
relationship,0.5585537355043001
education-num,0.5271485429967608
hours-per-week,0.4074147664485466
occupation,0.300594079034487
sex,0.18926322296994774
fnlwgt,0.14235377974332747
capital-loss,0.11917240426631376
race,0.07727275370735127
workclass,0.06259651611507835
education,0.0478875440071737
native-country,0.039421608839515156
