feature,mean_importance
native-country,-0.0010996767320197941
education,-0.0004477590662352648
race,0.000733618217970955
workclass,0.002850978820084493
fnlwgt,0.0036892508654432056
sex,0.005695239296107946
occupation,0.015021779644278366
hours-per-week,0.021733479837381144
capital-loss,0.02806615532642851
marital-status,0.040458354977470815
relationship,0.041689354693950686
education-num,0.045923479925733604
age,0.08761015324102239
capital-gain,0.17910557008374267
