feature,mean_importance
education,-0.0001280751254759127
native-country,-2.1463373745167492e-05
race,0.0017966134106923936
workclass,0.0023248663645971447
fnlwgt,0.0025018337957111057
sex,0.006156412024437119
occupation,0.01637154871635833
hours-per-week,0.021857679778307593
capital-loss,0.028873989910445885
relationship,0.03050024074453216
marital-status,0.0461847893443295
education-num,0.05073820150579226
age,0.08494601469012161
capital-gain,0.17625842096243866
