feature,shap_importance
age,0.8730875370928272
marital-status,0.8255872885413159
capital-gain,0.5775634184786645
education-num,0.5210739911867422
relationship,0.4630676710356136
hours-per-week,0.4320407692626156
occupation,0.2581688058712087
sex,0.17134705854441276
capital-loss,0.16070387100213765
fnlwgt,0.15384046265965093
workclass,0.07212528961449931
race,0.07018640908099531
education,0.049541971092827264
native-country,0.02999583611696586
