feature,shap_importance
relationship,0.729560375213623
age,0.6610236167907715
marital-status,0.5702046155929565
education-num,0.5255002379417419
capital-gain,0.4506247043609619
hours-per-week,0.39239630103111267
occupation,0.2981469929218292
fnlwgt,0.14434459805488586
sex,0.14326734840869904
capital-loss,0.13290725648403168
workclass,0.08690305054187775
race,0.06384199857711792
education,0.051618028432130814
native-country,0.026985039934515953
