feature,shap_importance
relationship,0.6989375352859497
age,0.6231136918067932
marital-status,0.6230381727218628
education-num,0.5727299451828003
capital-gain,0.463437020778656
hours-per-week,0.3836987018585205
occupation,0.3116651177406311
fnlwgt,0.1865854114294052
sex,0.15671324729919434
capital-loss,0.11653853207826614
workclass,0.07679235190153122
race,0.05980754643678665
education,0.046713460236787796
native-country,0.02378852479159832
