feature,mean_importance
native-country,0.0006950892944352583
education,0.001785072995766035
workclass,0.0023048216627784336
race,0.002484735554210027
fnlwgt,0.0031657159502765154
sex,0.004289537386193021
occupation,0.017530315029905208
capital-loss,0.02134560569587054
hours-per-week,0.024388886590566105
marital-status,0.025758861513770836
relationship,0.048716753638088486
education-num,0.05185260038406273
age,0.05713660816406838
capital-gain,0.12787303232062663
