feature,mean_importance
education,-0.0005338886304033896
fnlwgt,0.0001373693810437948
native-country,0.0009143157025612636
race,0.0015523504621783979
sex,0.0035271797901119785
workclass,0.004809852795371094
occupation,0.015549571062022616
capital-loss,0.02369974431296177
hours-per-week,0.02387699775814227
marital-status,0.03114631695167829
relationship,0.04543919726204189
age,0.047538260394846335
education-num,0.054780126771061886
capital-gain,0.11927145417478482
