feature,shap_importance
relationship,0.6982821226119995
age,0.6174575686454773
marital-status,0.6046346426010132
education-num,0.5285727977752686
capital-gain,0.5043129324913025
hours-per-week,0.4031970500946045
occupation,0.27966931462287903
sex,0.17149367928504944
fnlwgt,0.16581974923610687
capital-loss,0.14571601152420044
workclass,0.0794474259018898
race,0.07213404774665833
education,0.06101972609758377
native-country,0.03792037442326546
