feature,mean_importance
education,-9.591745446483336e-05
fnlwgt,0.0007491577559987639
native-country,0.0007546308739841301
race,0.0012450363662837472
sex,0.0030726168338824243
workclass,0.004041456028651147
occupation,0.018102746963131265
capital-loss,0.025342217395293264
hours-per-week,0.026554811596880466
marital-status,0.030490888107434843
relationship,0.0506158263428523
age,0.05444605726940923
education-num,0.05930295100041817
capital-gain,0.1370062951432362
