feature,mean_importance
education,-0.0002033039053211394
native-country,0.0010928891132209295
race,0.001242845288125849
fnlwgt,0.0016297648410871668
workclass,0.002986390640994363
sex,0.004301398792513145
occupation,0.019512928745418434
capital-loss,0.021292915181399384
hours-per-week,0.02464795675497833
marital-status,0.02479889139939657
relationship,0.04780820088894294
education-num,0.05228549624783128
age,0.062155145824077176
capital-gain,0.12800576632133145
