feature,shap_importance
relationship,0.7333189249038696
age,0.6742121577262878
education-num,0.5478633046150208
marital-status,0.5426216721534729
capital-gain,0.41985219717025757
hours-per-week,0.4100659489631653
occupation,0.26620304584503174
fnlwgt,0.14838308095932007
capital-loss,0.1374550759792328
sex,0.1352957785129547
workclass,0.08592915534973145
education,0.060270845890045166
race,0.056469131261110306
native-country,0.024924878031015396
