feature,shap_importance
relationship,0.7571001648902893
age,0.6870119571685791
marital-status,0.5623911619186401
education-num,0.5467761754989624
capital-gain,0.4510510563850403
hours-per-week,0.396473228931427
occupation,0.32301121950149536
fnlwgt,0.15790139138698578
sex,0.14287462830543518
capital-loss,0.13158877193927765
workclass,0.07861781865358353
race,0.07649221271276474
education,0.050483588129282
native-country,0.025523977354168892
