feature,mean_importance
education,-0.00017753687505069892
native-country,0.0012657005506703568
race,0.0013318148150663679
fnlwgt,0.0013679524566323931
workclass,0.0021935555051005194
sex,0.0043723714741907725
occupation,0.017016578527017646
capital-loss,0.023191649766421307
hours-per-week,0.02437737921559342
marital-status,0.026693819460557443
relationship,0.05336507941086051
education-num,0.05353337319660286
age,0.0567612290459796
capital-gain,0.1327056975468291
