feature,mean_importance
education,3.530828692517307e-05
race,0.000684066102913694
native-country,0.001010845317692899
fnlwgt,0.0011837537527183417
sex,0.002853713036654648
workclass,0.0029413897341412976
occupation,0.016912481473118902
hours-per-week,0.018218248627685184
capital-loss,0.022198424740662116
marital-status,0.029031506123925577
education-num,0.034807851881103545
age,0.03685368488397661
relationship,0.052397015089997376
capital-gain,0.1068020685772503
