feature,mean_importance
race,0.0006956728663637058
native-country,0.0009576336913943662
fnlwgt,0.0014104309130318238
education,0.002484309896167902
sex,0.0030105325940600115
workclass,0.003783441336628368
hours-per-week,0.01965850331961353
relationship,0.020148852238690527
capital-loss,0.020819887305519834
occupation,0.02228841460658577
age,0.03869275406358606
education-num,0.04636202814176009
marital-status,0.06526050224482385
capital-gain,0.11325575618593228
