feature,mean_importance
race,0.0006680177616299021
native-country,0.0016468389040919739
fnlwgt,0.0018191368590458113
sex,0.00250396292513031
education,0.0025111429551011753
workclass,0.003635428297790744
relationship,0.016310225557615087
hours-per-week,0.01666071870011605
capital-loss,0.019188592328845254
occupation,0.020683364428720097
education-num,0.03556596007192091
age,0.03980842259700886
marital-status,0.07421105065035917
capital-gain,0.10609933063128536
