feature,mean_importance
education,-1.8497996947963723e-05
race,0.0008305726073544406
fnlwgt,0.0013228006029149197
native-country,0.001512803503644633
sex,0.0023031728951117157
workclass,0.0031779754254205204
occupation,0.015335230456772897
hours-per-week,0.017182454418698943
relationship,0.02003287172919025
capital-loss,0.022322590745126082
age,0.03766516439796077
education-num,0.04301109861715494
marital-status,0.060139817039770206
capital-gain,0.10275898797638297
