feature,mean_importance
race,0.0006378607632253064
native-country,0.0012022959739779848
fnlwgt,0.0013763920769749526
education,0.001501420347630278
sex,0.0025490515876347986
workclass,0.003442424509147224
occupation,0.016445579470279793
hours-per-week,0.018590920234436016
capital-loss,0.019426756947387568
marital-status,0.02178623985332965
education-num,0.038793414111623035
age,0.03998297884578902
relationship,0.04512459204210386
capital-gain,0.10193785275263245
