feature,mean_importance
native-country,-7.14873024465934e-05
fnlwgt,0.0001254641178152549
race,0.001553964152377707
education,0.006437966312947607
occupation,0.006544196786740908
workclass,0.007974826116163292
capital-loss,0.008705757799512548
hours-per-week,0.014268593134005714
sex,0.017149856281042486
age,0.0283966441422819
marital-status,0.029914284094876408
capital-gain,0.045607699134923504
education-num,0.049413042764641465
relationship,0.04945217141254264
