feature,mean_importance
fnlwgt,-7.69522499806441e-05
native-country,0.0003178135641540569
race,0.0020196105161323975
workclass,0.0036636132883408057
education,0.007500955198430537
occupation,0.008098248353929138
capital-loss,0.01010076617257163
hours-per-week,0.01216358013338702
sex,0.01754124079954896
age,0.026690086562347948
marital-status,0.03346627955224864
education-num,0.04436864989042612
capital-gain,0.04876440330851858
relationship,0.05086659596255062
