feature,shap_importance
relationship,0.07580127784207774
education-num,0.0659531902297575
marital-status,0.05975029017266382
age,0.036900279654766374
sex,0.0329946501791945
capital-gain,0.03278477316884487
hours-per-week,0.019294691251492288
education,0.017607280139305837
occupation,0.015518445996015538
capital-loss,0.013430849459479656
race,0.006796608462958236
workclass,0.0063820427977116945
fnlwgt,0.0031651105778201186
native-country,0.002209666386860211
