feature,shap_importance
relationship,0.07531946838331441
education-num,0.06611119917595068
marital-status,0.06107274096384764
capital-gain,0.038314942547571056
age,0.03737843860425819
sex,0.03104047904355985
hours-per-week,0.020300432998983646
education,0.01627081129064598
capital-loss,0.013984285437298818
occupation,0.0125595480518744
workclass,0.0066786167293628376
race,0.006103815357649067
fnlwgt,0.0031315732930582416
native-country,0.002094391224406762
