feature,shap_importance
relationship,0.07767864884084878
education-num,0.0654456510374806
marital-status,0.0598320071109069
age,0.03278683682425723
capital-gain,0.03276873483814436
sex,0.031308353909727804
hours-per-week,0.020605660736047547
education,0.018366994031024594
occupation,0.016517505783850594
capital-loss,0.013237043086215148
workclass,0.006807457854039858
race,0.004857044389988431
fnlwgt,0.003120943264274693
native-country,0.0012936411218662305
