feature,shap_importance
relationship,0.07165223521445169
education-num,0.06603429331531492
marital-status,0.059203478603102606
capital-gain,0.03777282672906198
age,0.03553181218379024
sex,0.03479816303079464
hours-per-week,0.020757205673936144
education,0.016919669729072103
occupation,0.016473580736285087
capital-loss,0.012801487799635119
workclass,0.0066894769718944085
race,0.006597463393254308
fnlwgt,0.0029770179072893706
native-country,0.0019494355879913754
