feature,mean_importance
fnlwgt,-2.753170540104044e-05
native-country,0.0002604227374366719
race,0.0011324275247053927
workclass,0.0032175554003142093
education,0.006050756275064395
occupation,0.007440741321814981
capital-loss,0.01082697163258659
hours-per-week,0.01275580002318708
sex,0.020673427639704443
age,0.02375625050372938
marital-status,0.03346795042942315
education-num,0.04593883406305046
capital-gain,0.0507971530370088
relationship,0.055030132837008826
