feature,mean_importance
fnlwgt,-8.491938875803129e-05
native-country,0.00029268712914738427
race,0.001100057012177802
workclass,0.0027403402614913476
occupation,0.006994963503515117
education,0.007031259560734737
capital-loss,0.008775618958457475
hours-per-week,0.013441661296293561
sex,0.015655993005128453
age,0.024888610843267822
marital-status,0.03592347570737264
education-num,0.04989166680312594
capital-gain,0.05319126115807995
relationship,0.054157132812187016
