feature,shap_importance
relationship,0.07288350909348665
education-num,0.0666431372987273
marital-status,0.059961399557498116
age,0.038286445948614245
capital-gain,0.037195106888512644
sex,0.03464966989320039
hours-per-week,0.01928713850159
education,0.019178413535611814
occupation,0.01645150177112392
capital-loss,0.013041688631661124
workclass,0.006950298332951321
race,0.005263610053117348
fnlwgt,0.00327057211835376
native-country,0.001469093664800779
