feature,mean_importance
fnlwgt,0.0002977617406272004
native-country,0.0003547637681882598
race,0.0026537291798995446
workclass,0.004370823815026337
education,0.0067255485438649345
occupation,0.009693762780385163
capital-loss,0.010679882623973602
hours-per-week,0.012784352535127563
sex,0.014797994488623345
age,0.024151899845047987
marital-status,0.030764344072511107
education-num,0.046456056468664075
capital-gain,0.05051793375519832
relationship,0.05464759896254932
