feature,shap_importance
marital-status,1.0209266207431797
age,0.7602442587217582
education-num,0.6171434382592349
capital-gain,0.5435772575344362
relationship,0.5020186410584141
hours-per-week,0.36704004521240174
occupation,0.20940385495945277
capital-loss,0.1830122740787631
fnlwgt,0.1648947787742117
sex,0.10053758181398696
workclass,0.06892069089562039
education,0.06801927484042299
race,0.04729400779167457
native-country,0.026848896163151777
