feature,mean_importance
education,-0.0011060845091935723
native-country,1.3816512348185927e-05
sex,0.0005758248024721358
fnlwgt,0.00166216335851338
race,0.002275146340157319
workclass,0.004383013534766644
occupation,0.01355732575676285
relationship,0.020207929621963418
hours-per-week,0.028524825087895212
capital-loss,0.03134308961892081
education-num,0.060777774409350324
marital-status,0.0752959188789097
age,0.08903443247087092
capital-gain,0.166498657084187
