feature,mean_importance
fnlwgt,-0.0020601261088577516
education,-0.001516561726720278
sex,0.0006374697250307703
race,0.0007424744397969141
native-country,0.0013457537758316818
workclass,0.0045787330319911005
occupation,0.011345259801921071
relationship,0.02247844269075585
hours-per-week,0.025478634087163575
capital-loss,0.031086295839462062
education-num,0.060827367068120364
marital-status,0.06858457999193629
age,0.07198837193612344
capital-gain,0.13543406421706106
