feature,mean_importance
education,-0.0013938324583699813
fnlwgt,0.00020506416673570226
native-country,0.00037002528695995185
race,0.0007233372001640648
sex,0.0008157420010753258
workclass,0.003967316103185015
occupation,0.0109017183534172
relationship,0.023502602407893
capital-loss,0.031057971664403727
hours-per-week,0.033125922421228214
marital-status,0.056007497991653166
education-num,0.05951471285071036
age,0.08531991183519025
capital-gain,0.1502692952553842
