feature,mean_importance
education,-0.0024829235893462642
race,-0.0005320697032827892
fnlwgt,-0.00010130181047431907
native-country,0.0007242279845639299
sex,0.00111433873144422
workclass,0.002339051281228999
occupation,0.016233108215633684
hours-per-week,0.028862575155033477
capital-loss,0.03075564220092577
relationship,0.03451033824655454
marital-status,0.05901429534995388
education-num,0.066620646070313
age,0.06717816944469839
capital-gain,0.14938619835908187
