feature,shap_importance
marital-status,0.9833209753655577
age,0.7172191475280315
education-num,0.5668466170701302
capital-gain,0.5599134145297738
relationship,0.5523499425847376
hours-per-week,0.383860710115907
occupation,0.2266110864806143
capital-loss,0.17236438265518036
fnlwgt,0.15748022950119792
sex,0.12474815705745339
workclass,0.07193979185071356
education,0.06884358465224977
race,0.049380487469029094
native-country,0.03135902540078013
