feature,shap_importance
marital-status,0.9667787609307998
age,0.5785385021325837
education-num,0.5717141514595083
capital-gain,0.5419048531662274
relationship,0.5024776996579565
hours-per-week,0.33838581475625146
occupation,0.22158949027854616
fnlwgt,0.14850592885107297
capital-loss,0.1392679827241841
sex,0.08705459810541114
workclass,0.05708166074499571
education,0.05677664580420798
race,0.03687892910430989
native-country,0.017542831262035492
