feature,shap_importance
marital-status,0.8817232976624978
age,0.5812356220091865
education-num,0.573889260655147
relationship,0.5684317488323958
capital-gain,0.5501553305471159
hours-per-week,0.35232215541243017
occupation,0.19337501626992698
capital-loss,0.14593920991297937
fnlwgt,0.13853534389655797
sex,0.08821260622287368
education,0.06909657871291741
workclass,0.0649401856988248
race,0.04775951637372902
native-country,0.02263704536878312
