feature,mean_importance
fnlwgt,-0.001019348240522433
native-country,-0.00037703559935027277
education,0.0009126076234414193
race,0.0018974510383858666
sex,0.0024991204159578117
workclass,0.0026512177179544238
occupation,0.012535233881797937
hours-per-week,0.02620476187280285
capital-loss,0.029838092573304477
relationship,0.03150484605098673
education-num,0.05822712507008726
marital-status,0.0620226072873594
age,0.07351836692995775
capital-gain,0.14929025686004582
