feature,shap_importance
marital-status,0.8685009738666987
age,0.6560833648652395
education-num,0.5679867296479554
relationship,0.5338547993667352
capital-gain,0.5124901937102071
hours-per-week,0.3186617252089932
occupation,0.23028849554434255
capital-loss,0.14222086449877863
fnlwgt,0.1396154098124244
sex,0.10553364517086085
workclass,0.06461990643925974
race,0.05546048296201744
education,0.05056667265311026
native-country,0.01898929034172473
